圳陽橋,214730.6966,2684294.03
久豪社區,220901.2463,2677793.077
圳前仁愛公園,214286.0503,2683680.424
圳寮里,221109.448,2683356.271
圳堵里口,215116.2256,2684817.639
中台溫泉路口,208927.7659,2670417.988
中清仁愛巷口,209553.3371,2682713.611
榮憶公司,212451.3147,2686394.158
自治育英路口,204044.8497,2671913.784
自由富台東街口,218561.0556,2670874.121
自強向上路口,204913.0591,2678550.988
自強梧南路口,201335.0918,2681453.826
自強文化城,206794.6872,2674078.799
自強保寧路口,205507.1286,2677982.055
自強路832巷口,205096.0522,2678118.026
自強路780巷口,205240.7694,2678042.478
自強新城,207379.7089,2674233.748
自立自強路口,201792.1316,2681463.34
自立二街口,202117.8964,2681694.82
自立一街口,202280.1967,2681638.895
自立中樂街口,205971.2043,2677114.407
紫明宮,231064.5886,2676365.583
竹仔寮,204519.9098,2686192.726
竹仔坑,222516.8342,2665187.111
竹仔腳,207023.8951,2673365.411
竹圍口,221996.7984,2680522.229
竹圍(新厝路),216328.9072,2692865.48
竹圍(港埠路),203454.1232,2684093.737
竹圍(塗城路),220010.1008,2664780.723
竹圍,216328.9072,2692865.48
卓蘭郵局前,232169.0725,2689751.553
卓蘭,232116.9185,2689842.768
忠信國小(林森路),216329.6596,2670515.625
忠信國小(柳川西路),216458.8319,2670483.867
竹林,206514.348,2681506.764
竹坑口,203647.5,2674534.16
追分郵局,205487.3966,2668916.558
追分國小,206100.5829,2668604.993
追分,206340.8805,2668505.796
庄尾(文武路),211470.6415,2693637.912
庄尾,214420.0576,2686364.158
庄頭,215775.2859,2683650.799
莊頭,202925.5571,2674697.192
庄前,215300.9685,2682976.797
庄內巷口,214333.3263,2692702.038
庄美里,211434.9541,2693314.716
中庄子,205880.8037,2665018.197
中庄,207793.0831,2693863.083
中正中山路口,215075.5641,2683686.508
中正御富路口,218426.0882,2654858.667
中正圓環西路口,220514.4449,2682783.912
中正新城(自立路),206159.4987,2677065.647
中正吉峰路口,219466.5609,2663462.913
中正草湖路口,219400.2886,2662610.767
中正里,230581.4785,2682784.365
中正公園,224417.6138,2683225.977
中正紀念館(文化中心),212038.8042,2692737.561
中正紀念館,212093.1214,2692759.381
中正新城,206220.1792,2677076.203
中正露營區,227995.8902,2674553.474
中蔗遊園路口,207168.1101,2673812.084
忠勇五權西路口,211042.4992,2672169.564
忠勇寶山東二街口,211018.625,2671986.668
忠義里(中科實驗高中),211804.456,2680667.333
忠義宮,210695.0923,2687247.756
忠義市場(原民中心),211863.034,2681111.849
中央永興路口,202472.0136,2680087.359
中央,227456.5079,2678923.993
中興大里路口,218479.9092,2667081.533
中興嶺停車場,229305.2066,2677660.609
中興向上路口,206900.7993,2675563.671
中興臺灣大道口,207068.6007,2675718.771
中興仁化路口,218656.9052,2665189.086
中興內新街口,218461.0306,2667692.363
中興嶺,229079.0739,2677837.625
中興東南路口,219320.0549,2663983.129
中興巷,223698.7173,2674907.647
中興東成功路口,222068.9436,2669789.091
中興駕訓班前,221681.5836,2671583.793
中興駕訓班,221960.4432,2671258.963
中興社區,220211.9392,2663228.807
中興,221755.9219,2677116.764
中新,221820.9638,2678665.494
中太平,221038.862,2669098.405
中台駕訓班,221219.349,2673169.749
中台新村,208847.442,2670519.375
中山自由路口,217602.122,2670521.902
中山中興路口,219769.9593,2676275.044
中山中清路口,214274.9688,2679109.989
中山鎮政路口,205999.5286,2681336.281
中山圓通南路口,220057.9919,2678047.648
中山星河路口,206481.3274,2683881.872
中山祥和路口,220358.4228,2680332.74
中山五光路口,212011.4033,2666821.676
中山臺灣大道口,206247.7848,2681349.207
中山榮和路口,209124.9081,2667452.694
中山合作街口,219964.9636,2677691.364
中山溝心路口,216719.3466,2683326.147
中山高美路口,207080.24,2685500.818
中山董公街口,207066.3646,2685344.697
中山大同巷口,213885.2637,2677803.545
中山大馬路口,215054.853,2692485.801
中山長春路口,206119.934,2683188.559
中山里福德祠,215713.3113,2692740.802
中山里,212388.925,2693256.209
中山南中海路口,207816.0899,2694159.506
中山路一巷口,219765.4576,2675830.608
中清忠明路口,216959.2136,2673039.829
中清雅潭路口,214255.5137,2679410.731
中清信義路口,211451.2646,2681932.577
中清同榮路口,215401.1116,2676519.107
中清太原路口,216889.5515,2673234.175
中清清泉路口,211161.7063,2682024.379
中清健行路口,217090.1902,2672629.008
中清環中路口,215074.4089,2677102.462
中清后庄路口,215724.4165,2675918.417
中清漢口路口,216806.1726,2673502.019
忠勤新村,219977.6018,2682700.314
中平國中,221356.182,2668638.814
中平長安路口,215749.985,2674606.24
中牛埔,208702.4028,2688094.725
中南巷,221646.3825,2666236.84
中南東巷,221302.4138,2666468.663
忠明忠太東路口,216229.9555,2673110.023
忠明西屯路口,215911.2529,2673051.531
忠明臺灣大道口,215531.6381,2672669.764
忠明南平路口,215756.0006,2668355.135
忠明南向上路口,215165.5198,2671263.006
忠明南五權西路口,215161.887,2670318.307
忠明南五權南路口,216540.4749,2668246.951
忠明南三民西路口,215235.9012,2669328.787
忠明南精誠七街口,215222.4722,2672152.975
忠明南國光路口,217674.7267,2668223.18
忠明南路,215266.8689,2670586.304
忠明新城,217264.1843,2690108.834
忠明南美村南路口,216068.7464,2668249.647
中路,227283.0156,2678982.967
向上遊園路口,207533.5473,2674541.18
向上工業區28路口,207561.391,2674099.969
中寮,218453.6971,2684611.67
中坑坪,237699.0915,2681483.046
中嵙口,232727.2062,2683024.454
中嵙溪,237840.0708,2683852.762
中嵙,234800.6836,2683302.509
中街,232295.7857,2689466.428
中華南社路口,205791.5146,2684513.646
中華南華路口,205264.1365,2683717.671
中華民族路口,205580.5414,2684259.793
中華大智路口,204894.2482,2682813.188
中華長春路口,205176.5052,2683492.507
中華鰲峰路口,206081.0359,2684898.28
中華路201巷口,204754.8233,2682631.663
中和東村三街口,221843.7587,2670109.855
中和(中興街),232618.5741,2672428.753
中和(黎明路),212164.76,2668182.379
中和(公安路),219361.8356,2689434.654
中和紡織,212247.7666,2666773.056
中和新村,212011.546,2667768.044
忠和,201751.1066,2678568.696
中航和睦路口,209520.6679,2683661.649
中港新城,211347.6492,2675144.792
中港國小,204971.4768,2681976.749
中港新城,211373.8889,2675117.246
中富國宅,206749.2812,2672786.796
中峰,206208.4432,2683373.577
中村加油站,212445.7614,2671327.531
中部仔,218948.5028,2693358.083
至善國中(青海路),213505.0447,2674323.912
至善國中(逢甲路),213456.577,2674520.953
鎮政民族路口,205417.8744,2684515.925
圳前里,215240.5553,2684302.775
鎮南平等路口,206287.2806,2679510.944
鎮平環中路口,212533.8849,2668929.18
鎮平里,212749.5307,2669316.244
鎮南福至路口,206126.7842,2680152.888
圳寮口,221173.7003,2683045.591
圳寮,227597.6935,2686693.215
正英鎮南路口,206715.9245,2678407.819
正英臺灣大道口,207447.743,2678332.877
正英路,207469.5037,2678330.339
正英七街口,206951.3747,2678338.214
正英二街口,206509.5909,2678498.049
正順正義路口,206690.5374,2677910.946
正隆紙廠,221864.8487,2686541.76
正覺寺,222284.31,2674596.939
正德正義路口,206646.6758,2677419.115
正德正順路口,206441.974,2677648.447
保安保寧路口,206006.6273,2678055.035
正德路72巷口,206241.3094,2677900.141
鄭厝,212471.1436,2699423.043
圳堵三民橋頭,215514.2627,2685165.425
圳堵,215213.4445,2685045.994
蔗部(?子路),218079.1902,2693755.146
蔗部,207301.2003,2674008.38
鎮平國小,212288.0947,2668490.515
樟腳,221306.3262,2687856.963
曾厝,216928.9344,2661206.429
燥坑,236484.0691,2673545.344
育英經國路口,211398.8567,2694287.906
育英街口,218351.3699,2652504.012
育英國中,219480.9827,2670442.071
育賢育誠街口,221720.0033,2672460.846
育賢立功路口,221059.6022,2672650.466
育賢建和路口,221404.7027,2672583.362
月祥文化路口,212299.5125,2681727.391
毓祥護理之家,219368.7146,2668932.671
御史里,218240.6881,2654022.26
雲仙洞,235901.5231,2681303.643
玉門西屯路口,210472.913,2676228.321
玉門臺灣大道口,210341.2797,2675584.552
玉門福科路口,210413.5936,2675940.64
玉門路,210409.7312,2675502.515
預立二村,222341.1265,2671670.727
育樂路,211737.3889,2700006.485
育樂新村,221914.8528,2682476.83
裕嘉里,206370.0793,2687318.476
育英平和東路口,204103.6856,2671565.609
育英國小,217596.4777,2689536.248
裕國社區,205706.9505,2676748.303
漁港港埠路口,204159.528,2686378.698
月眉糖廠,219054.7048,2689777.742
月眉東甲后路口,217829.2426,2690062.925
月眉,218763.8291,2689827.779
裕力公司,209732.2657,2674460.208
月湖里,231187.8392,2681284.971
園子,202485.5312,2680484.146
圓通精舍,233699.0334,2682826.839
圓通南興華一路口,219815.1137,2678017.734
圓山新村,222756.5587,2674652.997
源龍社區,220688.7941,2683665.248
員林里二站,215180.696,2681719.28
員林里,215226.2168,2682267.394
苑裡站,214677.5539,2704148.797
圓環南中興路口,220722.2902,2682293.928
圓環西成功路口,220653.0227,2683307.925
圓環南中山路口,220972.3013,2682184.129
圓環南中正路口,220474.9648,2682647.769
圓環南永安街口,220562.3534,2682480.683
圓環北中山路口,220857.0784,2683386.027
圓環北角潭路口,222199.7272,2683839.515
圓環北大順街口,221960.4686,2683923.605
圓環東田心路口,221491.0549,2682001.996
圓環東自強南街口,221313.9537,2682058.696
圓環東向陽路口,222435.5483,2682822.572
圓環東同安街口,222254.3237,2682476.272
圓環東水源路口,222559.0834,2683375.981
圓環東南陽路口,222136.984,2682294.536
圓環東保康路口,221737.7279,2682030.757
圓環東安康路口(陽明市政大樓),221952.4167,2682164.767
圓環東安康路口,221952.4167,2682164.767
遠東街園中園,208487.726,2676140.952
遠東街169巷口,208801.6716,2676077.684
遠東街風采風,208172.7553,2676234.686
遠東手套,209918.1051,2693541.563
員寶庄福德祠,216338.2321,2678994.746
幼獅工業區,213841.2351,2700430.649
青年高中,218873.3377,2664991.145
幼獅工業區服務中心,214715.7036,2699918.954
國際青年之家,222914.1581,2673907.906
幼獅幼九路口,215407.7754,2699285.931
幼獅幼六路口,214948.4033,2699730.089
友仁公司,209585.4307,2683797.026
幼七幼獅路口,215209.4644,2699482.457
幼六工四路口,214804.8173,2699498.969
幼二青三路口,214150.5658,2699914.624
水遠橋,225065.1977,2683833.072
永興橋,203208.3129,2680115.368
永順宮,206890.6493,2675299.003
永順國小,202468.1854,2672658.904
永順,202423.4486,2672955.54
永盛巷口,230857.7226,2688744.317
永寧里,202385.2632,2680265.189
永寧國小,202549.9976,2680627.911
永康南陽路口,222326.8187,2682055.383
永進家園,214616.7285,2686115.034
永進公司,213602.6038,2686824.393
永和六甲巷口,212365.6905,2678143.183
永和社區,216463.134,2668641.774
永和國宅,216451.641,2668004.062
永光寺,212298.0645,2693049.894
永豐原紙廠,222815.6889,2683699.769
永豐里活動中心,217391.881,2691786.456
永豐社區,215928.0006,2691862.79
永豐螺絲,220512.3443,2681091.181
永豐路28巷口,220800.009,2668814.591
永豐路222巷口,220212.4605,2668201.944
永豐路108巷口,220463.7471,2668500.758
永豐6鄰,217848.5979,2691765.361
永豐1鄰,220435.0563,2692016.321
永豐11鄰,216297.2224,2691835.433
永豐農憩小站,218665.3317,2692046.721
永定里二站(永春路),212432.4454,2670691.058
永定里二站(永春東路),212419.5588,2670479.446
永定里(永春東路),212639.1529,2670310.341
永定里(永春路),212629.8987,2670722.657
永春國小,214157.6137,2669987.845
永春東黎明路口,212992.5779,2670118.225
永春東東興路口,214772.0905,2670019.906
永春東大墩南路口,214493.7684,2670016.167
永春東七路,212767.2799,2671066.461
永成公園(永富街),220798.0315,2667988.403
永成公園(永富街),220798.0315,2667988.403
永安里(永興路),202720.9811,2680049.812
永安里(安林路),211934.3308,2676258.783
永安宮,209359.6226,2684792.573
永安市場,215931.3067,2669699.452
永安國小(西屯路),211941.7318,2675551.521
永安國小(安林路),211904.7555,2675617.929
永安國小,211942.067,2675551.489
永安新村,214525.8049,2698336.078
永安國小(東西四路),210092.9957,2697395.343
永安,208980.7384,2697968.82
一支線邊,221467.6071,2687798.602
邑興社區,216635.4944,2658880.04
宜欣郵局,220823.8163,2671643.116
一心市場,218063.6973,2672102.014
宜欣國小,221029.9915,2670434.073
宜欣社區,221208.7514,2671533.058
詒新,233574.5635,2679954.654
義士祠,223223.9415,2683843.522
一善堂,210846.0311,2671123.499
營埔,205032.4857,2669224.659
銀聯二村,205814.0613,2684808.293
銀聯一村,222505.3679,2664776.584
營埔里,205032.4857,2669224.659
英才向上北路口,215994.9272,2671441.857
英才臺灣大道口,216183.8049,2672021.079
英才民權路口,216486.4068,2672310.309
英才公益路口,215981.7498,2671711.235
英才東英路口,206622.3501,2680128.354
英才西屯路口,216321.4069,2672194.964
英才郵局,215993.3722,2671131.278
英才公園,216477.7434,2672113.968
益民德芳路口,218050.5841,2666902.405
益民國小,218349.3184,2666851.848
一江橋,223128.5046,2669835.894
億鴻新村,216490.8904,2681399.37
義和里,211325.3183,2692816.289
誼豐廠,216671.586,2680374.706
義德里活動中心,222247.259,2688916.096
義德宮,221467.3249,2691110.953
宜昌中山路口,221133.5621,2671489.648
一安定,220760.6209,2692320.104
雅洲新城,214861.1972,2680444.421
雅藝公司,220145.7675,2689053.395
雅潭中山路口,219955.8338,2678954.392
雅潭雅環路口,214770.8923,2679579.447
雅潭民族路口,217377.9867,2678940.036
雅潭大豐路口,218564.2468,2678967.702
煙間,217358.1851,2658522.314
楊桃樹腳,237646.6029,2681266.574
陽明自強南街口,221849.3857,2682298.144
陽明別墅,208077.9741,2675169.192
臺中市政府陽明大樓,221678.5927,2682395.344
楊厝里,210976.1585,2687090.925
炎峰國小,217915.196,2652224.248
雅環雅潭路口,214807.369,2679666.74
雅環民生路口,214619.3429,2680308.686
雅環大榮路口,214743.281,2680116.776
雅環保齡球館,214803.3247,2679960.687
亞東公司,212666.9946,2681546.26
玉山高中,233986.3928,2682908.467
學田診所,210131.2752,2668438.647
學田活動中心,210083.4835,2668614.101
學士健行路口,217571.2038,2672711.151
學士德化街口,217573.091,2672946.124
雪山橋頭,243235.7582,2692082.881
雪山坑,243355.0141,2692557.508
許厝里,210698.1923,2686025.357
許厝寮,210700.6307,2686026.015
許厝,206694.9576,2689316.597
溪洲,208039.5731,2696052.865
西員寶,216795.8932,2678406.578
溪心壩,213693.4767,2663414.888
秀水里,205010.0329,2685225.933
秀山里,213570.8878,2680579.805
秀山,213377.411,2679281.176
西屯忠明路口,215907.8227,2672964.342
西屯玉門路口,210497.2597,2676215.517
西屯文心路口,214861.896,2673460.396
西屯太原路口,215765.3794,2673184.636
西屯上石路口,214065.6141,2674073.329
西屯洛陽路口,214614.8234,2673533.144
西屯健行路口,216045.316,2672754.471
西屯惠中路口,214249.2538,2673828.104
西屯河南路口,213919.6675,2674250.81
西屯東大路口,210166.7163,2676375.148
西屯郵局,213160.2699,2674667.467
西屯派出所,213234.1296,2675136.311
西屯區公所(朝貴路),212745.2477,2673399.443
西屯區公所,212844.4877,2673241.769
西屯區公所(朝貴路),212741.4311,2673416.509
溪頭仔,206883.161,2689124.416
西勢營門,209614.846,2683750.537
西勢寮,209002.4489,2682799.262
西勢成功路口,220399.0698,2682205.758
西勢里,209253.3652,2683856.345
西勢十巷口,209386.8595,2683385.923
鰲峰西社路口,206346.3971,2684907.427
西岐國小,212334.015,2701592.333
西岐,212265.5953,2701566.711
溪埔仔,206842.9579,2688324.004
溪埔,218408.3238,2693875.839
新庄里,207660.4377,2675047.716
新庄車庫,214716.0606,2686189.534
新庄,214901.3501,2686112.985
新政大安港路口,210763.9979,2693777.085
新圳,208069.1856,2673567.404
信義國小(五權南路),216464.3737,2668520.684
信義國小(美村路),216228.7789,2668616.671
新亞磚廠,210055.9615,2694744.967
新興新莊路口,207873.925,2675226.28
新興五光路口,212144.8337,2666607.745
新興樹德路口,220764.958,2672673.219
新興里,204176.1352,2670709.811
新興社區,210169.2591,2684908.002
新興橋,216062.3112,2667433.842
新興,221826.8769,2677601.825
新烏日火車站,210801.5482,2667115.281
新五村,230839.1587,2676116.07
新田口,229689.5288,2689017.512
新田,221927.0337,2679243.406
新桃花源橋,222843.809,2672867.342
新四村,230182.016,2676687.521
新盛里(東勢高工),233070.4919,2681988.968
新生里(哈魚碼頭),211949.1834,2671565.84
新社高中,230357.4589,2681529.75
新社新村,230358.3645,2681523.658
新社,230538.429,2682122.906
新三村,230398.832,2679575.822
新仁永豐路口,219838.6854,2667380.388
新仁好來一街口,219559.8327,2667279.423
新仁五街口,220099.0539,2667442.857
新仁一街口,220512.3198,2667363.474
新七村,231711.803,2678876.116
新埔福德祠,216178.0358,2663535.01
新六村,231830.2784,2675098.484
西牛埔,204458.4616,2684449.315
興中山莊,230386.7521,2678478.519
興中大復街口,230032.6511,2680195.878
醒修宮,217228.1195,2669478.34
新光里(中山路),219771.1031,2671460.359
新光里(中山路),219749.7664,2671462.619
新光里(新福路),219848.6917,2671866.65
興台塑膠廠,215340.4099,2661593.941
興仁里,205186.8507,2680698.451
翔仁社區,221545.7255,2677666.4
下坪頂,207633.5839,2675855.184
興農里,202958.574,2681634.412
興農中排,202849.773,2681288.113
興農社區,202625.8972,2680813.787
興隆路1段39巷口,222368.2805,2667736.045
興國公司,205311.3955,2669029.744
幸福公園,212828.1719,2692824.985
幸福新城,206651.543,2672556.165
興大美村路口,216648.627,2668584.467
興大郵局,217418.629,2668649.156
興大二村,217629.7859,2668607.328
新高社區,220454.298,2671589.057
新高兒童公園,220618.2749,2671773.455
興安松竹路口,219019.8378,2675264.946
興安旅順路口,218951.6214,2674268.333
興安福東路口,209560.3961,2693424.852
興安崇德二路口,218992.3327,2674625.971
新福振武路口,219930.5984,2672154.429
新福新光路口,220131.1381,2672464.441
新福里(新福路),219817.6176,2671589.839
新豐新寧街口,232194.7676,2684121.783
新豐冷凍,229335.3038,2684994.515
新峰橋,220961.1858,2659490.691
新豐,218306.2866,2654422.692
新二村,229271.4361,2679228.78
新杜拜社區,210620.5935,2676288.603
新厝路550巷口,218113.8353,2660522.406
新厝,217123.162,2662170.944
新厝(三美路),205907.1816,2689565.796
新厝(四德路),217124.8951,2662172.823
新厝(長生路),215783.6068,2693792.364
新村,212548.2333,2685714.437
新城里福德祠,221188.5562,2671697.637
新伯公,233469.1753,2680333.656
溪南派出所,214046.3564,2661327.572
西瓜寮,202977.413,2686382.406
協園,229639.6132,2683814.347
協和國小分校,208224.8526,2674534.48
協和社區,208220.3499,2674454.419
溪底(三美路),207139.3687,2688260.415
溪底,221787.7093,2685581.8
溪底(高美路),205785.1365,2688221.836
下中和,232325.397,2673076.116
下圳寮,218061.4218,2684766.717
下圓屯,229126.0667,2689266.529
下員林,214840.6534,2680801.649
下永安里,202900.5907,2680076.848
下楊桃樹腳,237593.0017,2680941.013
下溪洲,217624.8045,2684663.38
下新社,230535.4518,2682321.155
下新社區,232333.4319,2684372.85
下新,232211.7762,2684567.426
下武鹿,204738.6694,2686090.684
下五甲,208865.4446,2698263.838
下文山,210742.8324,2670886.221
下土牛,230396.0032,2684504.481
下塗城,219779.0817,2664821.08
下桐林,223258.225,2662151.168
下田心,213856.5062,2670485.694
下田寮,231305.4872,2676927.323
夏田社區,216292.4309,2664638.232
夏田活動中心,216432.8785,2664518.689
下太平,220791.4331,2668984.616
下水湳,216567.1504,2674482.729
下雙崎,240302.1892,2686948.255
下十股林,232224.2037,2673656.24
下山皮,213241.1112,2682339.633
下三角埔,212057.4429,2677191.077
下三叉坑,238296.1376,2684696.314
下七張犁,211233.1924,2673306.577
下橋仔,216466.493,2667835.871
下坪,228657.0779,2682289.527
下盤安橋,228848.9524,2684634.737
小南坑,237701.1485,2680225.248
校栗埔,230760.6512,2686256.405
校栗林,220415.542,2680693.119
蕭家花園,225120.4288,2683772.393
仙子洞,227474.9693,2666908.994
仙塘坪,229232.4891,2682386.687
向陽圓環東路口,222366.3151,2682884.949
祥順軍福七路口,222300.6248,2673312.5
向上自立路口,206101.9513,2677575.622
向上中興路口,206720.1476,2675393.772
向上中沙路口,206926.3384,2674738.153
向上忠明南路口,215254.1245,2671311.003
向上永春東七路口,212878.822,2671278.199
向上英才路口,216064.139,2671315.657
向上五權西路口,212547.1121,2671125.59
向上屏西路口,206012.9763,2677645.339
向上南新路口,206739.8827,2675101.546
向上民權路口,216396.4552,2671313.096
向上嶺東路口,210600.6458,2671729.102
向上精科路口,210215.6937,2671839.929
向上精誠路口,214987.8866,2671317.798
向上惠文路口,213764.1363,2671330.186
向上環中路口,211770.3056,2671143.912
向上河南路口,213208.3087,2671359.854
向上東興路口,214703.4579,2671320.627
向上大墩路口,214352.3422,2671323.939
向上保寧路口,205721.5929,2677925.233
向上南大墩路口,214384.3619,2671123.62
向上保成路口,205344.5727,2678264.521
仙宮府,223135.2331,2669361.759
祥龍橋,223722.0213,2674779.465
香蕉市場,224036.1791,2669530.201
祥和公園,221873.9187,2673346.563
香川,242215.8545,2690500.207
仙峰宮,220883.7218,2659260.491
下內新,218326.7601,2666416.927
賢德醫院,220947.9351,2671162.348
賢德大樓,203096.254,2686712.939
下湳子,207706.124,2686542.902
下湳仔,213794.9822,2674604.536
下湳加油站,207244.1174,2685874.45
西安里,209630.1346,2695808.321
下麻園,214590.6541,2671117.568
下寮里,202313.4866,2683985.671
下寮社區,202279.0928,2683758.96
下涼傘樹,216467.9755,2666940.485
下鐮村,221989.7036,2679758.278
下崑山,228264.8223,2681974.15
下舊庄,212488.4867,2687494.516
下晉江,207163.0342,2679835.216
下湖,227057.5524,2666460.792
下后里,221747.1741,2689276.48
下橫山,213843.6535,2678137.569
下橫龍,236152.1976,2683835.719
下龜殼,208037.3316,2695198.062
下港尾,215293.2249,2676711.34
清泉醫院,216149.6597,2679023.417
下二分埔,218707.4734,2673798.212
下段,233768.2204,2675934.518
下東興,231729.0714,2678561.451
下丁台,216734.5483,2660053.422
下達觀,242049.1927,2691008.762
下穿龍,240077.208,2686360.794
下城里,233596.5571,2679651.504
下城,223602.5669,2690907.604
下茶寮,222994.3598,2668665.075
下部仔,220402.6764,2669244.02
下博愛,245878.9522,2673676.847
下白鹿,240264.1079,2673763.974
下中興嶺,229261.9492,2678436.371
下楊厝里,210743.9477,2686745.573
下新生里,212043.3965,2670626.451
下校栗埔,230044.9821,2686502.158
下田心仔,214596.2224,2670140.322
下水底寮,231757.7414,2679292.702
下水汴頭,210009.7453,2691326.763
下豐樂里,212873.6035,2669537.791
西寧國小,206857.2517,2685622.772
下楓樹腳,215830.4074,2680907.877
西安朝天宮,204269.0146,2689257.789
五張犁福德宮,214497.3885,2665457.652
五張犁,214096.4366,2665389.99
吾友公司,221039.7297,2665922.532
烏石坑,242279.8778,2687871.037
啤酒廠美食街,211948.2775,2667307.451
烏日(新興路),211541.274,2666715.582
烏日學田里,210042.9384,2668872.265
烏日停車場,213947.2621,2666587.212
烏日林新醫院,209079.9494,2667174.186
烏日國中(新興路),211149.6868,2666794.279
烏日國中(中山路),211125.1631,2666860.243
烏日戶政(高鐵路),209663.4014,2667151.149
烏日戶政,209815.668,2667181.065
烏日區公所(新興路),211821.6124,2666623.68
烏日區公所(光日路),211858.3358,2666746.516
烏日啤酒廠,211978.0851,2667475.861
烏日(中山路),211566.5954,2666869.347
烏日橋,212684.6471,2666790.402
五權自立街口,216315.8269,2670897.749
五權學士路口,217862.1302,2672092.869
五權五廊街口,216018.3595,2670444.376
五權民享路口,206139.6965,2685764.861
五權民生路口,216488.6706,2671053.419
五權柳川西路口,216048.3284,2669969.958
五權樂群街口,216144.3317,2669767.677
五權華江北街口,205808.8676,2685778.627
五權公園路口(光大社區),217161.2386,2671769.107
五權公園路口,217159.1951,2671777.542
五權西工業區23路口,209847.2748,2672909.721
五權西工業區21路口,210078.9312,2672862.663
五權公館路口,216022.7094,2670137.696
五權西忠明南路口,215260.8911,2670593.909
五權西永春東七路口,212778.2074,2671075.107
五權西向心路口,213943.5889,2670599.215
五權西文心路口,214203.457,2670596.233
五權西萬和路口,213547.0849,2670713.131
五權西嶺東路口,210615.2778,2672157.968
五權西東興路口,214781.0941,2670586.413
五權西大墩路口,214501.9506,2670587.107
五權臺灣大道口,216736.745,2671330.46
五權南忠明南路口,216454.9313,2668179.779
五權南永和街口,216460.724,2668840.023
五權南平等路口,205215.8744,2685495.521
五權國中,217355.5228,2672304.634
五權東鎮新路口,206554.1928,2685555.918
五權西三厝街口,213008.9569,2670918.368
五權民有路口,206399.597,2685651.262
梧棲(朝元宮),202229.17,2683522.558
文化莊,205543.2535,2682246.512
武明山,223045.5693,2681403.663
武鹿里,204456.0808,2685444.784
武鹿,204970.2705,2686098.916
五龍公園,209870.5462,2675897.531
五里牌,213628.5485,2699838.214
武陵里,210442.2307,2691492.182
五哩,216378.0842,2689441.189
五崁腳,221038.024,2691908.083
五甲港,208458.5047,2698335.402
五號橋,227647.6363,2667071.746
武漢技訓中心,246334.7692,2674070.991
五光新興路口,212139.4871,2666550.61
五光溪南路口,213231.4,2665734.745
五光五中巷口,214923.4423,2665605.447
五光環中路口,214120.7582,2665358.476
五光環河路口,213781.9662,2665428.218
五光公園三街口,212189.6492,2666478.502
五光復光六巷口,212483.8553,2666128.527
五光復光五巷口,212695.9538,2665982.666
五光復光四巷口,212897.2582,2665867.514
五光里,214687.2779,2665527.951
五光國小,214094.9996,2665627
五福里1鄰,215881.826,2661863.023
五福國小,216003.8679,2663033.028
五福活動中心,216095.448,2662883.563
瑪利亞霧峰家園,221273.7864,2659460.823
五分子,205259.4652,2689388.077
霧峰郵局,219329.0113,2661893.889
霧峰分局,219607.182,2663450.141
霧峰國中,218653.7901,2662380.365
霧峰農會,219286.0697,2662222.18
霧峰農工,219466.9619,2663117.747
霧峰,219362.3145,2662163.43
吳厝里,210028.5948,2684604.934
五村口,230889.9435,2676190.789
梧棲觀光漁港,201464.6116,2687658.561
梧棲農會,202305.0857,2683270.114
梧棲(文化路),202434.0964,2683587.213
梧棲郵局,202262.7331,2683628.991
梧棲國小,202307.1253,2683025.424
五常里,217496.2804,2671941.233
霧峰國小,219255.6563,2661415.093
梧棟,202733.5304,2685760.397
烏厝巷,210756.6967,2666915.853
台中世貿中心,210854.5494,2675030.4
台中世貿中心,210854.5493,2675030.363
發展署中彰投分署(工業區一路),210402.6398,2673952.556
發展署中彰投分署(工業區三路),210443.7574,2673929.295
翁子國小,223883.0812,2684262.263
翁子保養場,223547.7019,2684092.881
文莊里,217220.2647,2672189.395
文英兒童公園,218468.345,2672372.562
文雅里,213943.9114,2679616.19
文修停車場,213594.3823,2675563.44
文心中清路口,216639.2618,2674310.563
文心西屯路口,214679.0469,2673481.855
文心興安路口,218956.3293,2674004.735
文心向心路口,214086.3861,2670842.064
文心五權西路口,214076.5745,2670538.294
文心臺灣大道口,214294.315,2672944.71
文心四川路口,214501.4404,2673230.153
文心市政路口,214102.3081,2672158.193
文心山西路口,217137.2469,2674272.401
文心陜西路口,216320.6915,2674252.948
文心陝西路口,216299.3542,2674252.998
文心熱河路口,218262.0271,2674089.553
文心青島東街口,216924.753,2674305.415
文心梅川西路口,217479.3928,2674208.74
文心河南路口,215532.7777,2674049.761
文心公益路口,214090.3198,2671716.436
文心甘肅路口,215026.6562,2673797.376
文興宮,204556.1293,2689563.654
文心中清西一街口,216527.9932,2674306.394
文心大墩七街口,214084.3677,2671037.054
文心崇德路口,218090.7487,2674117.378
文心昌平路口,218671.0725,2674031.387
文心南永春東路口,214054.1635,2669954.141
文心南三民西路口,214074.1028,2669034.524
文心南大慶街口,215031.3745,2667712.066
文心南路1273巷口,216298.4118,2666597.669
文心南復興北路口,214626.6714,2668228.093
文心南五路260巷口,214538.5324,2669694.877
文心南南屯路口,214090.1031,2670220.407
文心路一段,214198.394,2670563.242
文心森林公園(向上路),214189.1234,2671322.133
文心森林公園(文心路),214074.5649,2671272.363
文心國小,217735.8457,2674153.866
文山里,210875.6032,2671307.598
溫莎城堡社區,206776.2381,2677532.685
文曲里,209796.2146,2691431.479
塭寮橋,208021.8393,2696400.026
翁子,223297.5028,2683976.839
文光國小,205045.9611,2679941.521
文昌沙田路口,203739.0904,2671829.384
文昌祠,211732.2489,2693533.976
文山國小(忠勇路),210936.8986,2671645.776
文山國小(向上路),210825.3318,2671464.18
文華高中(文心路),215384.1665,2674008.406
文華高中(寧夏路),215391.5674,2673918.126
文昌國小(興安路),218691.5367,2673588.559
尾社,233181.4854,2681475.283
衛道新世界,217507.4682,2673133.259
味全工廠,218846.6403,2658899.752
瓦瑤,216810.5106,2665868.284
瓦窯,228121.721,2677637.317
華盛頓中學,224010.3395,2672618.004
萬應宮,214676.9931,2661245.706
萬仙萬華街口,228769.2035,2685077.199
萬壽棒球場(東興路),214737.1584,2671181.44
萬壽棒球場(大墩路),214402.7958,2671370.882
萬和國中,213491.7805,2670012.978
萬和社區,222017.3244,2672018.932
王田,208176.2889,2667652.154
望寮,218848.5293,2682568.741
王家厝,224137.2632,2684229.678
望高寮,207161.0033,2671114.176
王厝,218327.8778,2659905.055
萬豐,219161.3113,2657994.899
萬安,215677.75,2667096.419
外水尾,211162.0466,2692447.814
外埔自來水廠,215352.4774,2691768.943
外埔老人文康中心,214636.0224,2691891.331
外埔郵局,215063.7473,2691557.45
外埔區公所,214949.7618,2691847.502
外埔國中,214415.6701,2691916.362
外埔,214856.5645,2691779.251
外和平,237580.0043,2674208.843
葳格高級中學,220759.7195,2675017.607
西南屯,212924.9904,2670731.373
漢聲電臺,219142.6928,2669793.469
內觀中心,229560.0236,2680305.194
村內入口,203731.2823,2674895.497
台中精機,208998.9944,2675241.817
衛道中學,217047.9615,2675379.469
榮總北院,209934.321,2676035.542
味丹公司,204522.5702,2680602.397
環球大樓,202597.3074,2685416.394
統一企業,210290.1903,2673407.415
環隆科技,209352.8058,2673122.994
統聯轉運站,211502.2976,2675036.682
慈明高中(光德路),222023.9037,2666933.819
慈明高中,222023.9037,2666933.819
慈濟靜思堂(五權路),205511.6292,2685787.644
慈濟靜思堂(文心南五路),214024.8242,2669693.983
慈濟靜思堂(海濱路),205451.6787,2685836.122
慈濟功德會站,197716.232,2660600.715
慈濟醫院,221654.1175,2676722.137
慈濟中醫院,221538.7249,2676520.229
慈濟中醫院區,221498.4334,2676423.532
土牛(和盛街),231281.3569,2683733.337
土牛(豐勢路),231325.4807,2683853.223
東新國中,232397.2377,2684130.058
童綜合醫院(沙鹿院區),205446.4379,2681943.904
童綜合醫院(梧棲院區),203612.4357,2682517.183
東寶國小,217918.6464,2679001.657
東山樂園,225936.1507,2677111.833
東興國小,214754.2656,2672192.151
屯區藝文中心(大興路),223082.4794,2672386.785
屯區藝文中心,223082.3077,2672387.339
土庫停車場(國美館),215165.0055,2670679.016
土庫,215023.0341,2669979.232
土地公廟(安眉路),220816.6038,2691568.526
土地公廟,218743.8092,2679471.234
土地廟,212954.474,2678855.101
土地公崁,226877.283,2666445.91
塗城中興路口,218853.0751,2665117.223
塗城龍城街口,219620.8087,2664884.211
土城口,228421.7787,2682147.789
土城部子路口,217919.547,2693244.095
塗城市場,219023.343,2665149.413
土城東路,220957.4152,2692187.347
土城,220033.6994,2693254.506
土場,245426.8188,2673756.614
種苗繁殖場,230032.8085,2680531.228
真耶穌教會,219083.4498,2675363.413
臺中火車站(東站),218116.9789,2670119.674
頭張(臨江路),211946.5473,2699839.785
頭張路土地公廟,219055.3523,2676545.474
頭張公園,219397.5271,2676606.656
頭張(中清路),214690.9802,2677874.06
頭張(昌平路),218540.0764,2674617.662
遊客中心,250824.2955,2683386.964
觀光果園,224907.294,2677111.067
頭家厝,219771.0568,2676695.233
頭汴國小,224641.3568,2668682.648
頭嵙口,229706.7741,2677104.504
頭汴坑,224493.758,2668847.708
頭汴角,233627.6061,2678569.101
大遠百,213925.0848,2673041.885
統一化學,220298.3552,2664687.422
同仁堂互動館,225797.315,2674822.48
桐林里,221480.0186,2663727.429
桐林國小,223093.5902,2662369.764
桐林,223420.9847,2661905.887
東峰國中,218081.4577,2669054
同德家商,218606.9053,2655284.542
同安南北巷口,210266.5538,2669380.544
銅安厝,213793.5555,2701606.993
東光公司,209851.3023,2670176.567
收費站,231954.4646,2689395.204
菸葉廠,218445.3055,2668119.673
菸廠,220579.8818,2681287.847
老虎城2,213262.3842,2673386.401
老虎城,213364.9886,2673321.525
老虎城,213381.4576,2673324.473
鐵砧山(中山路),213259.1998,2695070.621
鐵砧山(長生路),214828.0744,2693499.112
鐵線橋頭,241809.9973,2675740.438
鐵山腳公園,213664.3603,2693432.841
鐵山國小,215123.0328,2693658.641
天圓彌勒院,229876.0847,2668102.826
田仔內,200095.4585,2677231.527
田中央(中山路),214979.022,2692286.312
田中央(東蘭路),231594.94,2685556.673
田中村,202302.6639,2676237.347
田中社區,202336.4138,2676546.237
田心仔(清真寺),214291.7252,2670239.561
田心,209321.5929,2698503.888
天下一家社區,211481.3184,2692159.863
天祥東光路口,219616.9459,2672797.451
田尾厝,201437.1659,2675371.195
天母櫻城,205689.2743,2676520.539
天畝社區,218395.706,2679277.193
田螺湖,227899.7778,2677540.569
天輪新村,243011.9373,2674460.857
天輪,242775.6805,2674802.97
田寮,206745.4594,2693441.29
天冷,235814.5855,2672857.021
天寬聖宮,230096.1561,2683765.632
天津路商圈,216691.0679,2673958.03
天公廟(東門路),219118.6743,2669141.121
天公廟(東門路),219132.6784,2669158.835
天寶彌勒佛院,220318.6966,2677460.81
東大附中,210004.5403,2675424.546
第三市場,217835.9217,2669789.715
大甲溪南岸,209525.0518,2689414.529
財政部印刷廠,219127.1184,2664650.96
東海路思義教堂,209366.6329,2674928.108
永豐棧酒店,215006.0111,2672633.613
電信局,216884.0689,2683074.906
電信局前,230478.9469,2683099.483
特二號中山路口,221876.5318,2671635.57
教師新村,213617.7061,2673601.263
桃園,243314.5213,2692333.143
潭子區公所,220057.273,2678255.78
潭子勝利運動公園,219625.251,2678249.943
潭子火車站(東站),220197.9162,2678477.763
潭子火車站,220078.6182,2678599.619
潭子國小,220045.8615,2678864.828
潭雅神綠園道(大豐路),218960.6984,2680788.486
潭雅神綠園道(承德路),219038.3002,2680839.705
潭雅神綠園道(大豐路),218960.6984,2680788.486
潭秀里,220181.611,2679564.05
潭秀國中,219519.5177,2679015.466
潭興福潭路口,220530.2543,2678371.08
潭興南陽祠,220572.744,2678091.897
匠澤公司,208442.3601,2673933.231
太原軍功路口,220973.4097,2673237.806
太原火車站,219525.0827,2673152.334
太原六號橋(太原路),222259.1374,2672880.653
太原六號橋,222330.4621,2672980.19
太原二號橋,220147.1835,2673292.266
台影文化城,221028.7903,2663588.17
泰興里,228585.6529,2686627.559
泰興社區,219426.3202,2664937.344
寶島時代村(中正路),218187.9634,2653693.121
台糖火車站,192748.3447,2660728.282
臺灣乳品加工廠,208953.8434,2674654.405
臺農天馬牧場,211490.018,2691554.788
臺灣日報,216057.6187,2674204.843
合作金庫,217520.8127,2670382.553
合作金庫,217515.2857,2670352.204
臺灣大道中華路口,217139.312,2671088.531
臺灣大道玉門路口,210397.2464,2675528.59
臺灣大道原子街口,216933.5166,2671308.848
臺灣大道文心路口,214442.642,2673033.269
臺灣大道民權路口,216354.2305,2671838.192
臺灣大道港埠路口,202725.0938,2682881.176
臺灣大道北勢路口,206743.5622,2680572.257
臺灣大道中山路口,205438.8015,2681743.796
臺銀中港分行,202929.346,2683883.535
台糖公營學苑,208430.2204,2675445.371
太順育德路口,221833.7562,2672615.244
太順太和路口,222136.6811,2672637.255
大新公司,209521.8951,2674444.008
台電大里服務所,217659.9892,2665713.719
台電東山所,223038.6908,2674664.088
台電大雅服務所,215333.1449,2679441.836
臺電前,251858.0448,2678128.96
台灣薄膜,209543.4933,2672785.653
太平中平路口,221179.2807,2668831.598
太平里,215419.3606,2689824.496
太平游泳池,221359.8135,2668372.12
太平國中,222997.9251,2671563.699
中油太平站,220588.731,2669120.48
太平農會,221012.2881,2668876.405
太平國小,221261.8808,2669256.659
太平區農會(興隆路),222598.9631,2667509.997
太平運動場,221690.8816,2669548.956
太平橋前,220107.4699,2669438.914
太平分局,222808.8172,2670721.064
泰聯公司,213284.0881,2680885.854
太和太順路口,222045.3533,2672681.72
臺豐社區,219539.1832,2682631.919
臺中酒廠(復興路),217699.8305,2669911.813
臺中酒廠(工業區二十八路),209119.9742,2673289.236
榮總/東海大學,209725.1941,2675335.098
臺中榮總(東大路),209637.5472,2675382.749
臺中榮總(臺灣大道),209826.4326,2675351.092
臺中車站(臺灣大道),217933.4239,2670345.132
臺中特殊教育學校,213751.6191,2671802.352
臺中火車站(臺灣大道),217949.5998,2670325.171
臺中火車站(東站),218116.3616,2670098.194
臺中火車站,217934.3391,2670345.352
臺中監獄,209327.599,2670809.788
臺中州廳,217317.0595,2670450.247
臺中港郵局,203030.7621,2684109.534
中港分處,200715.33,2681378.44
臺中港北堤,203276.925,2687037.783
臺中公園(自由路),217919.8262,2670832.722
臺中公園(公園路),217736.6918,2670987.156
臺中公園(自由路),218052.715,2670921.654
臺中公園(雙十路),218103.4159,2671006.782
臺中公園(三民路),217707.0432,2671147.037
臺中區監理所(華南路),206507.3251,2672347.172
臺中區監理所(遊園路),206520.3803,2672329.522
臺中都會公園一站,209171.6811,2677668.465
臺中都會公園,209278.351,2677919.013
臺中高工(高工路),215654.9386,2667598.844
臺中高工(工學六街),215487.8704,2667985.32
臺中高工(復興路),215201.4159,2668039.177
臺中醫院,217122.6317,2670673.586
高等法院臺中分院,216292.4557,2669280.508
臺中港旅客服務中心,201455.2299,2683912.167
臺中港港務大樓,201667.8693,2683440.732
臺中高爾夫球場,210887.5647,2679210.591
臺中女中,217276.1401,2670117.816
潭子加工區,220106.9934,2679195.072
兒童藝術館(勝利二路),218262.715,2666166.56
兒童藝術館(中興路),218270.9313,2666135.413
地方法院,217058.1498,2669906.342
港區藝術中心(中社路),205227.9309,2685038.289
市警局,214180.559,2672764.471
市政府,214353.9682,2673108.695
臺中市政府,214238.0376,2673174.176
臺中市議會,213844.4715,2672589.448
八0三醫院中清分院,216700.7784,2673114.821
臺中國際機場,209281.0958,2683153.755
興大附農(建成路),218095.7101,2669427.087
興大附農(臺中路),217920.4189,2669173.714
臺中二中(梅川東路),216909.2719,2672110.211
臺中二中,217210.0527,2671947.242
臺中一中,218230.2954,2671619.209
臺中國小,217966.3613,2669490.062
臺中捐血中心,210619.6096,2675493.847
泰昌里,233409.8487,2682836.921
泰安服務區,221130.2307,2691323.857
泰安派出所,224777.0025,2690927.078
泰安國小,224491.0819,2691172.296
泰安,224508.3475,2690803.05
大發鑄造,221947.9602,2681093.251
省議會,219173.4795,2661177.048
臺中家商,217849.3614,2669980.176
農試所宿舍,219078.3363,2656972.727
農試所,219158.8479,2658305.682
四箴國中,206889.6339,2674897.305
聯強國際,209714.5267,2672800.083
曉明女中(中清路),216765.8426,2673706.264
體育館前,203767.6346,2682464.621
臺灣體大游泳池,218108.5901,2671320.343
臺灣體大體育場,218335.5795,2671893.416
南四張犁,218099.7314,2676009.607
南區公所,215772.3065,2668021.367
南大雅,214371.7044,2679097.195
社口國小,217969.4893,2682276.986
松仔腳,209752.5741,2695093.047
松竹修齊街口,218908.1414,2675339.984
松竹松義街口,219309.263,2675330.805
松竹四平路口,217207.268,2675599.607
松竹梅川東路口,217724.3292,2675212.343
松竹舊社巷口,220182.0609,2675231.782
松竹旱溪西路口,220574.2481,2675238.717
松竹崇德路口,218071.9523,2675176.265
松竹昌平路口,218470.8708,2675239.056
松竹寺,218756.1592,2675307.219
松竹市場,219615.3319,2675408.332
松鶴酒莊,219166.7427,2689586.005
松鶴,247878.0821,2674887.345
宋厝,217791.6437,2685114.812
松竹國小,218462.9225,2675049.883
廣三SOGO(美村路),215655.825,2672198.069
四張犁農村公園,217675.4979,2676568.607
四張犁圖書館,217545.1323,2676739.604
四張犁國小,217326.4055,2676467.515
四張犁(后庄路),217690.394,2676373.429
四張犁(昌平路),217721.7621,2676363.058
四育國中,215984.4713,2669106.586
司普公司,216504.5643,2690345.745
四平松竹路口,217165.4061,2675611.06
四平水湳路口,217591.9462,2676148.274
新平永平路口,221216.0832,2669629.98
新平溪洲路口,221003.2253,2670740.449
新平仁和街口,221075.0644,2670258.221
新平國小,221346.5925,2672005.648
興農牛莊,224760.9985,2683950.454
四民頂街(四平路),217719.0849,2676615.467
四民頂街(昌平路),217792.1151,2676609.874
四民市場,217753.507,2676326.216
四民衛生所,217565.5476,2676422.001
四塊寮,212996.6054,2698679.591
四塊厝(高美路),206120.5351,2687376.841
四角竹圍,220952.5306,2673064.893
四維國小,219212.2917,2673963.201
協和國小,211390.3182,2673916.614
四德厝,216002.5664,2661733.9
四德北路85巷,215953.7984,2662414.785
四德國小,216256.0965,2661812.364
四德,215850.6801,2661702.687
西寶里,216714.9867,2678960.631
樹仔腳,213912.8635,2667255.496
樹義里,215017.5825,2667870.442
樹義國小,215203.4919,2667544.559
樹孝太順路口,221576.6144,2672590.726
樹孝育才路口,221535.5323,2672322.57
樹王福德路口,216092.3209,2667143.604
樹王里,216249.7125,2667025.724
樹王,215922.7527,2665780.448
樹仁育仁路口,219187.4397,2662133.118
順中站,210984.1188,2693900.963
順豐窯,226050.9116,2674882.225
水源豐原大道口,223389.5384,2683389.576
水源豐東路口,223009.8788,2683352.411
水源地,223972.4932,2683356.922
稅務新村,218255.124,2673104.621
水尾橋,211312.7195,2692699.477
水尾,227192.2604,2689915.428
水頭,229265.5826,2679879.784
水湳市場(中清路),216385.6226,2674727.475
水湳市場(大鵬路),216295.8684,2674796.907
水湳,216479.0874,2674593.91
水美里,213083.0181,2691795.187
水美公園,212702.3128,2691930.201
水柳,209087.7765,2696649.743
水裡社公園,205663.3861,2677111.931
水臨橋,211874.1273,2676735.798
水堀頭,212063.8762,2675510.923
水景頭,220644.6336,2674111.014
水景里,220369.2219,2673923.124
水井前,222436.8919,2666329.76
水井,226965.604,2679170.649
水簡頭,233636.1047,2674484.063
水汴頭,210281.2878,2691315.586
水壩頭,228109.9236,2667769.083
順天國小,211180.7637,2693091.136
水源圓環東路口,222801.3538,2683320.249
樹德育賢路口,220790.9064,2672492.752
樹德育才路口,220754.6624,2672351.052
樹德廣三街口,220691.9604,2672083.386
爽文東榮路口,216940.814,2667139.205
爽文東明路口,216934.0164,2667438.66
爽文德芳路口,216915.4629,2666320.677
爽文大里路口,216912.8796,2665908.224
爽文公園,216950.6817,2666734.248
雙十興進路口,218469.7974,2672248.407
雙十國中,218589.0031,2671914.414
雙崎,240751.0368,2687342.562
雙連坪,227553.1442,2677151.602
秀泰廣場,218741.0767,2670579.222
秀泰影城,218500.6814,2670568.346
首園,204762.8302,2685328.062
受奉宮,228108.9825,2678381.398
市子尾,204344.5845,2664437.927
市仔尾,204409.688,2664383.45
市政黎明路口,212864.1436,2672924.044
市政惠文路口,213745.155,2672376.393
市政北七朝富路口,213247.9651,2673504.312
十文溪,250014.7299,2676958.763
旭光高中,218957.538,2652775.392
石頭厝,212202.9359,2699636.042
食水嵙,229235.4251,2682380.591
食水井,231299.7766,2674749.755
石橋頭前,236141.1578,2681580.505
石排,229974.9549,2688092.988
新民高中活動中心,225492.459,2674892.959
新民高中(三民路),218344.2049,2672422.196
新民高中(健行路),218230.3121,2672664.369
新民高中(崇德路),218001.5119,2672733.183
新光國中,220439.8066,2672684.966
溪南國中,213671.74,2662984.457
新光/遠百,213760.9601,2673434.585
新光三越,213848.3957,2673433.723
新光國小2,220061.2505,2672718.318
新光國小,220185.7875,2672696.571
石螺潭,213646.8723,2662123.215
十九甲健康公園,218999.5127,2666113.987
十甲宜昌路口,220842.4985,2671039.597
十甲旺市場,219440.5519,2671383.761
石角口,232910.1704,2682523.71
石角,234780.2316,2681656.104
十甲東路口,220319.0258,2671048.653
十甲東振興路口,219929.6714,2669439.558
十甲東東富街口,219816.1327,2669287.916
十甲,211359.5734,2700306.558
士林村,242628.0853,2693191.925
石岡國小,227055.1763,2685683.583
石岡區公所,227740.5594,2685488.008
石岡水壩,226320.0073,2685844.167
石岡壩,226412.9872,2686504.98
石岡,227294.6432,2685666.473
石角國小,234921.2071,2681485.176
石城國小,228871.4499,2686645.847
十股林,232182.339,2673411.645
石岡國中,229386.7785,2684701.53
石城橋頭,229467.3175,2686621.711
石城,229254.8864,2686789.81
世斌公園,211367.3233,2675288.342
石壁坑口,229799.6951,2688476.994
西苑高中,213445.4013,2675706.249
社皮鐵路巷,219769.3059,2682688.352
神圳國中,215337.1134,2683928.968
神洲路796巷口,218096.903,2685143.272
神洲路716巷口,218447.1628,2685205.649
神洲路506巷口,219308.9865,2685399.456
神洲,218937.6683,2684457.982
深水,203827.8554,2675317.263
神木,228547.9702,2684002.687
神林大林路口,215060.7415,2682699.516
聖賢宮(四德路),219144.6251,2662287.618
聖賢宮(四德路),219066.0794,2662349.121
聖賢宮(林森路),219066.0794,2662349.121
聖壽宮,223978.1337,2675375.388
聖母堂停車場,227918.2999,2674857.051
昇和醫院,211318.8061,2693697.692
神岡(神林路),215378.8139,2683500.806
神岡圖書館,215566.6527,2683746.773
神岡圖書館,215566.6527,2683746.773
神岡國中,217653.0505,2682449.593
神岡區公所,215619.8213,2683605.767
神岡農會,215332.9761,2683690.638
神岡,215405.9986,2683530.865
社南廟,217745.2469,2682311.828
社南,217371.1938,2681496.772
社寮角,228853.8003,2685229.134
社口,206164.3895,2684821.601
社腳,204666.7695,2669767.398
沙田自由路口,204026.6881,2671041.886
沙田中華路口,203618.9236,2674370.782
沙田天仁街口,204998.8673,2679792.042
沙田太平路口,204584.6755,2679095.614
沙田光華路口,205143.9171,2680244.738
沙田路918巷口,204627.4127,2670015.719
山陽一站,203501.4412,2673804.22
山仔頂,205733.3942,2668757.416
上莊頭,202753.8132,2674730.7
山陽,203545.9324,2673270.909
山皮,214395.9144,2683667.712
山隆加油站,204960.6861,2678610.976
山腳巷,218778.8051,2659323.516
山腳,219130.8216,2659506.817
山腳(東平路),222754.3331,2669972.274
上竹林,242149.564,2689371.129
上圓屯,230435.8449,2688863.732
上雪山坑,242736.1703,2692246.599
上小南坑,237696.4829,2680466.578
上仙塘坪,228889.0197,2682566.391
上武鹿,205277.8431,2686046.749
善光寺,208731.86,2667591.505
上田寮,231303.3536,2676695.635
上台電A,252399.919,2678357.186
上石角,235199.6603,2681187.848
上士林,243292.4828,2693339.976
上石里,214151.3808,2673968.268
上石城,229290.3434,2686947.58
上七張犁,217210.0326,2677193.096
上麗陽,249447.5619,2676513.116
上橫山,212750.5765,2678647.088
上橫坪,229524.2759,2681993.981
上谷關,252550.2568,2678321.551
上高簡,234007.4791,2682158.104
上段,233801.6568,2675410.631
上穿龍,239005.7376,2685488.614
上城里,233570.618,2679178.85
上部仔,219526.9662,2693445.978
上中興嶺,229403.8863,2677551.265
尚銘公司,208470.0323,2674651.012
山多綠社區,220356.6705,2662019.896
山頂,230400.4693,2683329.954
沙鹿火車站,205244.7178,2681247.627
沙鹿市場,205282.7178,2681381.865
沙鹿光田醫院,205195.4076,2681111.494
沙鹿國中(光華路),205558.1673,2680966.006
沙鹿國中(鎮南路),205639.4832,2680935.771
沙鹿高工(中山路),205778.4538,2681373.809
沙鹿高工(臺灣大道),205859.7742,2681590.192
沙鹿高工(臺灣大道),205855.3805,2681584.853
沙鹿戶政事務所,205913.7449,2680951.528
沙鹿區公所,205892.9162,2680785.463
巨業沙鹿站,205423.705,2681432.076
檢查站,237130.6365,2681638.602
第二信用,217384.0593,2670717.691
大豐路三段230巷口,218796.2962,2680383.494
港區藝術中心(鎮政路),205078.6259,2684925.128
港區藝術中心(鎮政路),205097.896,2684918.532
港區藝術中心(建國路),205284.1782,2684973.763
中科管理局(中科路),211209.091,2678200.208
科學博物館(健行路),215763.1264,2672375.196
科學博物館(臺灣大道),215599.2725,2672357.724
三中心,222924.0183,2671267.212
三元莊,208482.712,2693400.516
三元宮,210769.4569,2687304.587
三信公園,215805.0584,2673458.761
三鑫公司,233289.7554,2681056.405
三線中眉路口,218924.2638,2688707.488
三線水門路口,218029.161,2689357.724
三線三月路口,218467.6986,2689068.78
三條圳,204212.8527,2682283.754
三條溝,217061.9958,2684219.674
三田路口,206824.7207,2687271.671
三田國小,207947.0805,2687003.585
三榮榮和路口,209135.9945,2667078.78
三榮九路口,209320.0697,2666997.405
三清宮,230522.8039,2686412.89
三民神清路口,215167.9992,2684319.566
三民林森路口,216722.8571,2670097.538
三民錦中街口,218188.0191,2672255.494
三民路口,215535.227,2685018.958
三民西民興街口,215764.389,2669477.132
三民西柳川東路口,215450.6197,2669475.453
三鹿里,206057.6529,2677737.237
三塊厝,206725.8236,2686800.159
三嵙口,230353.8133,2676549.397
三崁中點,216350.5767,2690462.846
三崁,215981.1947,2690733.527
三角埔(福雅路),212187.6407,2677425.648
三角埔(東山路),226491.7899,2676969.916
三角公園,214792.8489,2685923.418
三甲公園,220215.3745,2673582.661
三和里1,210111.4305,2667086.207
三和里2,209982.336,2667126.66
三和塑膠,210725.927,2694133.932
三和國小,216336.7874,2679370.42
三和社區,220488.6299,2674014.984
三和,216436.6228,2679667.553
三貴城,224342.1365,2676415.12
三光國中,219134.6359,2673669.915
三光新村,220218.756,2682740.561
三港護岸路口,199649.1583,2676995.203
三豐九甲路口,221955.7301,2690869.6
三分埔,218392.8112,2675142.718
三豐后科南路口,222083.1843,2690349.604
三德,201600.1553,2677971.028
三厝里,212987.2643,2671475.498
三村里,220130.4536,2681922.459
三川福德祠,219813.2884,2673299.657
三叉坑,238514.5103,2685048.878
三叉路口,214859.7561,2680559.607
三叉,221966.9682,2669875.788
三采幼稚園,217230.4784,2681952.953
三清總道院,211061.2241,2691912.705
三豐泉洲路口,221939.3521,2689752.163
櫻花大屯,210809.6131,2681174.807
矽品公司,218744.8199,2679837.71
矽品精密,220272.4837,2679888.584
南田中,202226.0918,2675823.386
曉明女中(漢口路),216889.4874,2673555.761
如意新村,223013.0517,2671056.987
瑞聯天地(福科路),210071.5164,2675830.181
瑞聯天地(東大路),209801.4823,2675761.39
瑞井里,206958.2113,2673217.533
瑞峰國小,206823.8789,2673887.883
玫瑰新村,220202.2262,2673834.872
榮華,203582.8278,2673024.585
日新鐵路街口,218710.7282,2667894.597
日新巷口,218748.6735,2668371.516
新惠生醫院,221515.2564,2683633.991
日南庄,214822.8735,2698242.298
日南火車站,214870.4238,2697013.799
日南公園,215071.2733,2697378.346
日南國小,214956.188,2698172.633
日南陸橋,215272.4564,2698909.92
日南,214638.1001,2697329.699
日南國中,214782.5715,2696850.655
碾米廠,213069.6817,2700369.635
仁洲豐北街口,220966.1161,2683823.385
仁友東站,217934.9819,2670450.268
仁友停車場,209412.4577,2670512.435
仁美里(環中路),219066.6615,2677357.937
仁美里(昌平路),217878.4627,2676248.961
仁美社區,212096.6718,2692230.187
仁化中興路口,218623.8962,2665241.613
仁化至善路口,219050.3687,2665726.626
仁化仁城路口,220211.7716,2665599.416
仁化仁愛路口,219832.3647,2665684.818
仁化慈德路口,219373.0484,2665744.826
仁化垂統街口,218521.9473,2665014.046
仁化里,219592.9745,2665706.7
仁和大智路口,218468.1766,2669052.142
仁和大振街口,218640.7993,2669057.458
仁愛退伍宿舍,214492.923,2684002.897
仁愛之家,221465.9764,2675473.241
仁愛公園,216847.6781,2675191.214
仁愛醫院(臺灣大道),217314.1306,2670949.69
仁愛醫院,217297.5122,2670970.992
仁愛國小,216652.26,2675000.293
仁愛社區,216500.3831,2674791.994
關連服務中心,201629.1886,2681330.99
彩虹眷村(嶺東南路),210392.1347,2669940.502
彩虹眷村,210496.6482,2669921.811
泉州厝公園,222514.4148,2689701.365
全民醫院,216122.0165,2675146.631
全家福社區,219138.9016,2657725.8
全陽社區,220216.1652,2663524.251
七張犁,217438.7912,2676966.414
七星農場,221955.3387,2687533.149
七星橋,210687.0342,2670664.428
七星活動中心入口,223021.6771,2688526.408
七星,222448.8961,2666597.087
邱厝庄,203407.5306,2682585.416
邱厝里,217129.9888,2672406.859
崎頭,225965.2594,2684094.108
親水緣,229441.6455,2684114.217
勤美社區,215004.8559,2673415.521
清水火車站(中正街),206345.0183,2684262.842
清水火車站(中山路),206606.2434,2684121.271
清水龍天宮,206516.3568,2685170.388
清水戶政事務所,205613.0292,2684549.978
清水高中(中山路),206768.7382,2684565.008
清水高中(學園街),206840.5228,2684565.01
清水鬼洞,207521.8231,2685210.085
清水區公所(鎮政路),205332.8974,2684840.039
清水橋,224028.0532,2675728.038
清水第二市場,205400.9554,2684785.555
清水,206946.1958,2685024.429
青山社區,224116.2177,2675884.221
情人橋(景賢路),222138.4573,2673523.244
清泉里活動中心,210876.5945,2681757.546
清泉里,210880.8964,2682131.33
清泉派出所,210445.1896,2682279.603
清泉醫院,216114.6819,2679042.015
勤工派出所,214498.081,2667463.531
青年中山路口,213801.1353,2700021.401
青年幼七路口,214981.572,2699201.705
青年幼二路口,214022.6475,2699905.093
清涼寺,227307.115,2666770.491
青海文心路口,214689.3455,2673414.418
青海上仁街口,213753.2685,2674124.366
青海弘孝路口,214094.4128,2673808.929
青海河南路口,213910.9347,2674016.801
青海光明路口,213310.5686,2674441.477
慶福里,233669.4849,2676387.6
七塊厝,224116.4334,2691372.479
崎腳,217424.6138,2684500.036
茄投中,201970.7328,2674965.524
茄投尾,201709.5737,2675047.088
茄投奉天宮,202283.8216,2674861.851
茄苳寮,230273.9904,2671735.083
茄苳腳,216623.9384,2671590.436
崎頂(土城路),217070.8298,2693148.809
橋頭,206877.855,2686020.317
巧聖先師,207485.4749,2674536.893
僑昌公司,212629.9183,2685506.115
前竹社區,214165.0457,2665868.482
埔仔墘,212529.1347,2681757.829
埔仔,206281.6533,2678399.957
埔鹽林,227806.1398,2667411.499
菩提醫院,218445.3168,2667803.37
埔羌林,208476.4334,2692818.85
普濟寺,210195.4621,2675481.46
省農會,218473.0056,2667545.371
靜宜大學(校門),207119.5515,2680039.651
靜宜大學希嘉學苑,207409.6798,2680260.727
靜宜大學主顧樓,207658.2786,2680182.012
靜宜大學(英才路),206869.3565,2680227.916
靜宜大學,207012.3425,2680091.406
朴子口,225022.959,2685329.517
發電廠,222433.5876,2691137.99
輸配電,220824.3713,2681802.892
郵局,230572.5197,2682471.504
郵局前,232182.5498,2689734.591
警察局,220933.4889,2682025.612
警察電台,212609.1961,2671972.21
埤頭里,225685.9047,2686557.379
埤頭,225549.4616,2685674.365
屏西保順路口,206170.5649,2678182.116
平崎,231986.5351,2673893.655
坪埔,236611.1732,2681720.153
坪林,222990.108,2671193.069
平和里,216455.3662,2668364.546
平和東沙田路口,203881.1761,2671551.155
坪頂,207872.3938,2675703.628
平安里,221971.2697,2668549.212
松林園,237979.0868,2684119.16
埤腳,215884.7415,2693193.825
普陀精舍,224639.5949,2677007.84
鵬儀太平路口,221816.3846,2668278.954
珍珠港,203014.0688,2682138.16
立體停車場(自由路),218250.3584,2670900.291
立體停車場(雙十路),218070.1808,2670838.146
磐頂教會,207537.4243,2674682.599
盤安橋,228811.8756,2684961.842
僑光科技大學,213873.8788,2675723.87
國立臺中科技大學,217890.3677,2671623.037
臺中科大民生校區,217074.8665,2670454.631
北基加油站雅潭站,218933.4765,2678978.415
9號風車,202252.1887,2689707.594
四村口,229969.9623,2676875.43
四號橋,227107.4569,2666580.542
18號風車,203786.2267,2688746.011
三號登山步道口,228152.9717,2674951.933
三號橋,226099.848,2667216.015
二號登山步道口,228227.5385,2675430.815
二號橋,223790.9245,2681208.45
一號登山步道口(體訓場),228034.4318,2676152.838
一號橋,201654.5037,2678329.464
牛埔仔,216939.5031,2681722.267
牛埔,204875.0943,2684555.413
牛罵頭遺址,207378.1611,2684772.485
牛欄坑,237422.6362,2683613.717
牛角坑,222429.6041,2665662.396
牛頂頭,208861.2333,2676928.867
牛稠坑,221913.2981,2688240.721
寧夏東八街口,215618.3259,2673471.616
中央健保局(文心路),214096.5839,2672507.407
中央健保局(惠中路),213719.7881,2672670.282
新都酒店,221976.6733,2682979.19
新建國市場(8號門),219083.753,2669971.499
新建國市場(6號門),218894.3921,2669826.644
新建國市場(3號門),218825.0356,2669915.433
新移民家庭服務中心,220415.8422,2674305.081
內新市場,218480.1154,2667358.741
內新國小,218990.6982,2667483.766
內埔市場,220902.4703,2688915.036
內湖,228915.914,2677753.88
內東大山路口,222682.9341,2689111.803
內東路營區,222691.0232,2688791.242
內城橋,224368.9141,2669060.018
興大附中(益民路),217876.8103,2667228.169
興大附中(東榮路),217794.5163,2667253.841
興大附農(臺中路),217933.9732,2669176.082
興大附農(建成路),218040.0291,2669435.186
道禾六藝文化館,216849.4755,2669988.338
國立苑裡高中,214992.0189,2704615.398
國立臺灣交響樂團,219399.8314,2661589.989
美術館,215765.7314,2670589.433
美術館(五權西路),215800.8486,2670594.965
美術館(美村路),215620.4288,2670472.355
臺中教育大學,216651.2196,2671089.36
臺中國家歌劇院,213565.6325,2673066.724
啟明學校(大山路),221849.1293,2688792.619
啟明學校,221785.5859,2688841.809
科博館,215773.2891,2672248.768
科博館站,215595.3756,2672343.114
公共資訊圖書館(五權南路),216388.2728,2669224.131
公共資訊圖書館(建成路),216679.6329,2669072.825
公共資訊圖書館(復興路),216470.0407,2669373.784
國軍英雄館,218270.5496,2670575.292
國家教育研究院,224795.4324,2685041.19
腦館(光興路),223315.5137,2669562.654
腦館(長龍路),223491.951,2669558.005
南追分,206951.3304,2668252.421
南庄,207053.3088,2693837.296
南陽綠山巷口,222829.5752,2681834.125
南陽里(中山路),211850.8445,2693038.36
南陽里,211893.0708,2693043.452
南陽新村,222335.1085,2682197.512
南陽橋,222631.1975,2681914.802
南西岐,211678.4147,2701313.561
南興宮,224028.4803,2683488.503
南新,221739.6441,2678278.246
南屯向心路口,213854.5132,2670369.225
南屯文心路口,214123.8867,2670276.851
南屯美村路口,215651.4866,2669696.395
南屯(五權西路),213272.533,2670802.749
南屯同安厝,210411.1582,2669661.45
南屯郵局,213705.0643,2670403.016
南屯市場,213171.4874,2670601.08
南屯(南屯路),213594.0958,2670409.39
南屯國小,213122.2817,2670190.948
南勢里,204916.9997,2679599.258
南勢(東關路),239522.6724,2673764.28
南勢(豐正路),216947.0891,2658676.424
南社里,205373.006,2684680.094
南社郵局,205166.3262,2685206.277
南清宮,210604.5481,2687869.337
南埔,206265.4827,2692812.462
南平忠明南路口,215735.7348,2668508.573
南平美村路口,216038.0461,2668769.111
南平復興路口,215409.0114,2668204.023
南平里,232657.8329,2683306.752
南門仔,217905.0356,2668964.06
南門(順天路),211613.6795,2693141.452
南門(光明路),211237.9527,2693445.282
南門橋頭,218148.0751,2668481.159
南眉,231116.0565,2683430.652
南螺潭,213749.0198,2661861.253
南路,219233.7278,2693402.202
南寮里,206363.4859,2674584.484
南寮,206885.7516,2674220.286
南華莊,231197.0566,2674518.755
南華,231729.0174,2676072.442
南后里,221825.3925,2688647.248
南和里,216137.6637,2668056.672
南房裡,213510.4351,2702550.994
南村中正路口,220689.1296,2688638.227
南村昭宗路口,220819.3088,2688393.209
南村橋頭,220901.469,2688182.297
南北七東西四路口,209835.7352,2697429.08
南岸,218902.7566,2655513.036
南陽國小,221841.0468,2682639.56
南開科技大學校區,219143.8551,2652773.512
南開科技大學,219090.2388,2652750.181
弘達公司,209263.2767,2674316.274
啟明學校,221785.5859,2688841.809
啟聰學校,211169.1508,2672962.534
勤益科技大學,222937.2597,2670924.785
南山腳,204347.0218,2678378.361
北埔仔,206355.2456,2678614.26
北東山,212415.2441,2685870.509
監理站,218729.8722,2672894.25
摩天嶺口,242286.303,2690343.011
清真寺(大墩南路),214427.6626,2670137.789
馬禮遜學校,217418.4997,2675870.573
示範公墓,214341.2772,2684954.024
新時代購物中心,218290.1515,2670126.634
新光三越(惠來路一),213723.9653,2673312.041
民興公園(執行分署),215914.3169,2669268.007
民俗公園(昌平路),218546.9122,2674400.87
民生自強路口,220037.3168,2663117.758
民生路口,203516.205,2664248.778
民生路198巷,220548.1982,2663286.777
民權中華路口,216932.9534,2670834.503
民權臺灣大道口,216513.6927,2671913.424
民權繼光街口,217573.9054,2670239.293
民權路口,216432.1936,2671600.079
教育部國教署,219288.6221,2661611.713
明正里,228250.8022,2689564.556
明秀,206382.6232,2679193.342
明泰社區,206025.053,2680433.601
民生文明路口,221220.3516,2689104.548
明山寺,230118.8317,2684656.597
明正國小,228811.4105,2689393.256
明湖新村,214258.787,2693440.404
明德高中(臺中路),217896.1667,2668650.287
明德高中(南門路),217853.597,2668614.204
明德高中(明德街),217893.9328,2668470.876
明大社區,212430.6714,2692052.64
明道中學,213062.4059,2666954.955
明道花園城,213240.8273,2667025.743
明安橋,227767.3838,2689697.214
明台高中,219807.3177,2661921.371
明功堂醫院,218716.9651,2670864.02
民德橋,227219.7797,2677041.604
民誠宮,229838.6137,2686585.182
民安,225281.1491,2685508.703
明通製藥,210126.3371,2672953.79
名人球場,221387.115,2675916.405
苗圃,211385.6023,2701168.534
孟春,213954.3874,2697726.459
梅子,229822.8547,2684788.81
梅園,230956.836,2672827.033
美術園道(五權五街),215827.79,2670187.779
美群國小,220377.9856,2664353.789
美滿社區,215002.5899,2674241.132
美村忠誠路口,215621.3365,2672013.751
美村向上路口,215616.6969,2671283.727
美村向上北路口,215617.2982,2671461.112
美村五權南路口,216538.2736,2668608.188
美村五權八街口,215616.3025,2669891.476
美村五權五街口,215626.5532,2670188.596
美村公益路口,215618.1002,2671725.806
美村南忠明南路口,216123.5431,2668389.697
美榮藥局,217313.2969,2670710.492
肉品市場,219432.5661,2672349.858
媽祖廟,221405.4045,2682936.473
市場口,219401.2666,2662521.374
市場前,230534.8397,2681875.603
秋紅谷,213389.3529,2673746.749
秋紅谷(河南路),213459.787,2673575.799
秋紅谷(朝陽橋),213344.5994,2673768.793
貿易三村,215488.5998,2676359.595
茅埔角,231263.6792,2675498.475
茅埔,229322.2176,2668046.362
馬鳴埔,215799.1955,2692772.835
馬力埔,228999.9679,2679515.168
馬岡厝加油站,215954.2511,2679182.874
馬岡厝,216373.0952,2678833.297
馬場三豐路口,222045.2128,2688065.137
馬場后科路口,222765.9739,2688096.956
馬鞍寮,233701.1062,2674019.392
馬鞍壩,241116.9983,2675374.604
遊園中蔗路口,207246.4574,2673847.621
綠山莊口,222893.0819,2681694.124
鷺山,204211.9423,2678069.793
祿清宮,207481.9296,2678249.899
洛泉里,205555.2203,2681415.681
羅厝,228760.0961,2684285.337
崙仔頂,201814.5004,2678780.796
鹿寮國中(光大路),205843.7212,2682109.345
鹿寮國中(光華路),206011.3105,2682085.898
鹿寮成衣商圈,205811.7149,2682657.234
鹿寮,205995.0899,2682944.845
鹿港寮,206150.2741,2677368.142
鹿港站,192490.5457,2661367.256
鹿峰里,206414.4368,2683757.59
幸記公司,210155.282,2668154.06
綠川東站,217846.024,2670361.13
綠川西站,217696.5786,2670239.125
情人木橋,228551.4617,2685368.583
愛心家園醫務室,214752.0521,2669643.844
愛心家園,214743.9049,2669719.508
龍眼腳,225300.0161,2668328.753
龍興里,228584.6799,2683435.029
龍港國小,199232.3623,2677116.08
龍潭里(環中路),212182.5478,2672838.973
龍善寺,214461.7883,2678565.726
龍山國小(山腳里),204451.4586,2678635.86
龍沙橋,205640.9963,2677261.518
龍泉下,230943.8372,2671998.419
龍泉里,212626.7317,2699201.635
龍泉,203980.9865,2677173.215
龍目井,204083.1961,2677522.644
龍井國小,202279.8676,2675499.805
龍津,201595.134,2677243.17
龍谷樂園,250442.3875,2677486.051
龍井火車站,203939.7748,2676901.449
龍井市場,201584.4918,2677667.394
龍井加油站,203850.5844,2676027.561
龍井區公所,203885.7682,2676412.869
龍崗,203823.7573,2675744.452
長壽會館,210973.1744,2700921.048
龍二橋,201505.0293,2676887.182
龍北路口,202324.4309,2676668.77
龍安橋頭,233235.6998,2673806.85
龍安,233252.7257,2673208.458
龍德家商,213902.8287,2702535.951
梨仔園,223141.4252,2674725.175
立中街,219214.3496,2666264.585
荔枝頭,228476.2123,2667861.222
立人高中,218424.1343,2666775.985
立元立仁路口,220149.7866,2666669.161
麗園公園,222953.1414,2672650.284
麗陽,248926.455,2675722.945
家畜市場,210354.9122,2693607.556
六張犁,212551.212,2681669.316
六十甲,238874.4612,2685223.467
六塊厝,209116.2321,2692119.226
六股庄福德祠,218265.8679,2659277.798
六股庄,218540.4189,2659243.966
六股里新活動中心,218877.8286,2659583.45
六股(峰谷路),218875.2822,2659581.795
六股(乾溪路),218753.3857,2659793.149
六股(中正路),218648.8847,2659679.638
六分月眉北路口,219549.6067,2692135.824
六分永眉路口,218345.6477,2691763.795
六分新厝路口,218398.145,2692049.864
劉厝里,211576.4628,2670592.263
劉厝,208992.4499,2688433.022
柳川西民生路口,216736.0886,2670658.092
六寶里,212927.2641,2681268.51
荔園,225687.8723,2677168.739
力行國小,218854.4514,2671853.471
麗水,199046.469,2677346.45
立新國中,219303.4099,2666596.754
立新國小,219482.5747,2666757.179
立仁路57巷口,219858.6838,2666982.531
立仁路157巷口,219959.9448,2666794.042
六寶公園,212002.036,2681327.587
林祖厝,217318.9608,2669733.08
林森中正路口,219104.1227,2661225.152
林森育賢路口,219001.2567,2661859.416
林森三民路口,216698.5569,2670137.097
林森福新路口,219043.7751,2661535.381
林犁宮,234378.2967,2685345.224
臨海路口,207127.6529,2688413.735
領鮮超市,217750.7947,2662299.755
靈山寺,217503.3551,2669176.689
嶺東文山六街口,210528.776,2671501.817
嶺東三站,210071.508,2670191.053
臨港三美路口,207181.3735,2688418.204
臨港高美路口,205835.177,2688025.969
臨港港埠路口,204415.8013,2687595.096
臨港東中央路口,201598.8222,2676838.002
臨港東西濱路口,200879.3606,2677040.955
嶺東科技大學,210267.6193,2670418.284
嶺東科技大學(永春南路),210279.5176,2670420.798
嶺東科技大學(嶺東路),210374.3989,2670258.319
嶺東科大第二校區(中台路),209555.1504,2670143.248
嶺東科大第二校區(同安西巷),209691.2237,2670050.547
嶺東科技大學,210267.6193,2670418.284
嶺東高中,210483.5885,2670416.575
林厝里,211960.1971,2677010.048
林厝,212706.4772,2701049.856
林新醫院(向上路),213525.1206,2671335.227
林新醫院(惠中路),213493.53,2671686.058
黎明永春東路口,213061.6391,2670059.126
黎明向上路口,213048.2678,2671251.178
黎明五權西路口,213126.4723,2671024.156
黎明文心南五路口,212964.2063,2669788.038
黎明市政路口,212780.5523,2672872.947
黎明僑大三街口,213737.161,2676249.419
黎明南屯路口,213250.2504,2670611.841
黎明龍門路口,212801.3115,2673117.322
黎明環河路口,212952.6003,2673618.19
公益黎明路口,212870.3628,2671814.37
黎明公益路口,212942.3671,2671796.13
黎明福星北路口,213500.8075,2675965.48
黎明福科路口,213171.9008,2674960.487
黎明大業路口,212906.3013,2672034.229
黎明中山路口,214954.6897,2698426.376
黎明路,213265.9991,2670807.104
黎明國小,212823.2337,2672496.649
黎明新村(黎明路),212878.6817,2672198.435
黎明新村(博愛街),212584.6379,2672101.31
裡冷,244784.1527,2673495.577
麗景天地,210983.2327,2676012.604
麗寶樂園,218732.6687,2690285.48
犁份,206452.6793,2681895.478
李厝,207080.8184,2688032.882
廖厝,229432.7859,2680108.573
溫寮橋,208021.8393,2696400.026
良逸公司,211979.8364,2687467.079
連厝,230728.3044,2684271.446
鐮村里,222047.3842,2680835.557
聯安醫院,219384.2797,2673913.951
黎明國中,212719.7346,2672310.71
樂業建成路口,219199.0901,2670431.788
樂群二村,209953.6979,2682513.124
李綜合醫院,211282.7698,2693987.746
樂達利山莊,223380.3373,2674564.491
樂成公園,219885.6605,2670415.073
老楓樹下,234454.7262,2673092.457
萊園土地公廟,220010.496,2661821.269
賴厝國小,217365.563,2673566.953
勞工育樂中心,206331.2385,2683613.866
崑山,228410.3935,2681740.241
光正國小,216202.8711,2659085.056
光田醫院(大甲院區),211158.1555,2693540.529
幼兒園,216617.0993,2691882.629
幼稚園,212267.7154,2672180.808
客庄,214514.3396,2703758.241
科雅平和路口,212559.7335,2680435.428
科雅中清路口,212988.1688,2681023.882
科雅西科雅七路口,211439.3348,2679132.697
科雅東科雅四路口,212205.6474,2679639.916
科雅三科雅路口,211840.9019,2679348.307
坑口里(光復新村),218692.3814,2660081.673
坑口橋,219759.2559,2659487.755
崁仔腳,204447.8741,2670287.636
糠榔,203815.1644,2684271.977
崁頂土地公廟,220668.7856,2691422.256
崁頂,227805.8555,2678820.443
喀哩,214082.849,2661199.232
開元英才巷口,213057.2852,2693412.091
開元甲后路口,212751.8119,2693370.25
軍功國小,221442.5943,2674242.232
軍福公園,221085.6543,2675017.605
聚興福德祠,221026.111,2677754.058
聚興,221377.4354,2676260.424
居仁里,205630.1703,2681688.488
軍功松竹路口,221485.6141,2675310.694
軍功軍福十六路口,221461.722,2674381.576
軍功景賢路口,221221.5055,2673467.147
軍功里,221526.0261,2674532.855
軍功農會,221484.9067,2674684.699
軍福松竹二路口,221326.2485,2675019.554
軍福十九松竹二路口,221326.2485,2675019.554
東龍家電,219643.2424,2681321.08
莒光新城,218280.8784,2672122.57
甲寅福德正神廟,218885.5143,2663113.797
舊庄,212722.7152,2687394.108
舊正(烏溪橋頭),219044.9243,2656660.219
九張犁,213544.0269,2667126.302
舊站,232272.2261,2689618.188
舊社橋頭,220514.2586,2674971.709
舊社公園(松竹路),219557.3382,2675251.085
舊社公園(北屯路),219698.6491,2675120.905
久輪公司,215641.3262,2690948.88
九華山苦行林,226977.2596,2674938.653
九股,221558.1023,2692006.703
九房厝,228099.0678,2685437.61
九德(建國路),212819.7642,2667340.26
積善公園,216659.6508,2667787.167
錦州吉峰西路口,220389.7555,2663704.55
金星觀入口,221996.6002,2680164.723
金田公司,221451.7437,2665477.565
金石鎮社區,218667.5678,2680729.103
進士公園(樹王路),217016.0087,2666409.045
進士公園(德芳路),217038.0235,2666477.105
錦埔,215156.4217,2661461.267
金母橋,219905.4685,2672716.986
晉江寮,207251.1573,2679660.92
晉江里,207306.0905,2679574.711
進化興進路口,218942.3294,2672153.414
進化天祥街口,218932.4342,2672894.544
進化力行路口,218941.0408,2671949.45
進化國瑞街口,218944.3418,2672456.129
進化北永興街口,217765.8813,2673118.642
井子頭,206852.0918,2673005.653
精武雙十路口,218235.4529,2671289.049
精武進化路口,219043.9235,2671440.141
精武東振福路口,219999.4268,2671470.076
精武社區,222164.2592,2671649.845
菁埔庄,208467.9753,2687872.353
精美社區,221612.6853,2668408.847
經國育英路口,211301.4516,2694239.822
經國黎明路口,214605.7116,2698084.796
經國長壽東西七路口,213785.9776,2701145.495
經國彈正路口,212798.6286,2695049.9
經國農安路口,212369.2861,2694870.177
經國和平路口,211745.4157,2694609.479
經國中山路口,213304.2436,2695264.103
靖安宮,210610.8304,2697278.256
景賢八路口,220473.4714,2673580.207
經三大通路口,200147.8981,2681745.915
經三大成路口,200004.433,2681380.93
進德國小,218934.5989,2671172.362
錦村市場,218141.1903,2676751.735
集福堂,213655.5871,2675262.481
吉峰里,221013.5661,2663486.811
吉峰東自強路口,221024.7891,2663219.825
吉峰東路口,220977.4934,2663363.896
吉峰社區,220612.576,2663574.069
建功國小,221280.2631,2674486.084
基登公司,212712.3065,2687104.071
甲寅,219420.6729,2662774.965
佳興新村,218282.1582,2662356.599
腳踏,209401.3533,2696264.183
健行永興街口,217651.7645,2672688.079
健行學士路口,217491.878,2672683.091
健行尚德街口,217294.7471,2672686.311
健行民權路口,216533.7607,2672698.603
建興入口,214565.393,2697328.035
健行國小,216803.0665,2672706.721
建興,210918.0597,2700795.103
健康公園(立元路),219088.8575,2666105.598
健康公園,216267.2106,2668242.67
健康社區,222473.3655,2665421.984
建國里,222226.1527,2668827.582
建國南德富路口,214695.9162,2668536.215
建功橋頭,221519.2776,2674972.971
建成正氣街口,217846.5838,2669335.023
建成立德街口,218248.7123,2669532.955
建成樂業路口,219157.6022,2670356.198
建成大智路口,218482.3,2669619.523
建成大振街口,218732.7964,2669751.871
建成學府路口,216870.8709,2669062.227
甲南(中山路),209521.8015,2688811.481
甲南,209511.9574,2688812.063
甲后月湖路口,220319.2322,2689536.909
甲后四月路口,218536.7822,2689871.92
甲后路329巷口,222056.0155,2689277.63
甲桂林社區,204259.6885,2685527.597
甲工入口,212704.4601,2693356.49
甲東路36巷口,213134.9076,2692895.063
佳保臺,250159.1806,2677272.519
甲八,212611.3917,2675346.113
中興圓環南路口,220718.3055,2682370.605
中興田心路口,221291.5122,2682540.324
中華永興路口,203816.735,2680330.008
中華五權路口,206607.2734,2685679.142
中華文昌路口,204330.2424,2681778.668
中華北臨海路口,209038.0934,2688680.339
中華北臨港路口,209038.0934,2688680.339
日僑學校,212406.0241,2680150.356
健民國小,222321.7481,2664987.696
水利會,218060.0741,2689966.687
交叉點,221228.62,2663650.672
國際會展中心,210797.0933,2668038.649
臺中洲際棒球場,218159.5143,2677085.832
宜寧中學(東大路),210091.4516,2676633.634
工業區服務中心(工業區一路),210172.3468,2673841.893
工業區服務中心(工業區五路),210173.8781,2673844.473
舶來品商圈,202514.8304,2685184.86
互助新村,215636.2404,2671309.152
湖興,231966.9623,2674483.868
虎尾寮,213807.3667,2700944.973
火房,213128.0642,2675165.898
弘光科技大學,207379.3256,2679149.851
弘光科技大學,207421.3558,2679075.188
弘光復健醫院,221730.356,2673098.876
惠文高中(大業路),213326.9706,2672093.941
葫蘆墩國小,220875.5052,2684065.854
葫蘆墩文化中心,222574.3261,2683077.85
惠中市政北三路口,213802.4214,2672836.974
惠陽中陽路口,221987.6325,2682821.346
惠文高中(惠中路),213480.9153,2671930.408
惠文高中(公益路),213360.5575,2671837.686
惠文國小,213200.9056,2671837.619
惠民公園,214395.1616,2673664.196
惠來公園(惠中路),213506.6744,2672254.364
惠來公園(惠來路),213258.3796,2672252.972
惠和醫院,218068.6942,2653320.827
惠明盲校,215542.1383,2679384.843
花園新城,222994.0153,2674144.935
華陽山莊(霞客溫泉),224164.1969,2674803.759
環中向上路口(哈魚碼頭),211713.8451,2671017.209
環中四平路口,217949.9455,2677357.392
環中市政路口,212370.4003,2673208.829
環中豐樂路口,218955.5987,2677297.155
環中崇德路口,218155.3289,2677357.564
環中長生巷口,218371.5217,2677358.139
環海宮,209599.137,2697840.216
磺溪里,203082.3812,2671859.112
皇城社區,215610.7236,2674395.123
華南銀行(清水分行),206865.4137,2684803.167
花眉,216813.9997,2680688.133
華龍國小,214382.2017,2700109.518
華江北民享路口,205885.0967,2685415.115
華港新城,215403.0451,2673277.4
河南市政南一路口,213050.3347,2672630.28
高鐵臺中站,210954.1937,2667388.329
修平科技大學,220902.5357,2665600.307
修平科技大學,220914.8173,2665590.426
福華/裕元,211907.5633,2674959.832
后庄仔,215828.072,2675719.183
后庄北中清路口,215738.4137,2676119.509
后庄國宅,215604.241,2676145.38
后庄七街口,216026.6853,2676268.442
后庄,216924.757,2676485.168
后庄松竹路口,216735.5153,2676494.359
厚生北庄路口,216669.7261,2683599.159
后寮,214483.8925,2692169.263
后里義里郵局,222436.1045,2689297.458
后里電信局,221342.6495,2689350.171
后里國中,219076.1772,2689108.303
后里馬場,223116.6321,2688114.66
后里國小,222615.9277,2689396.376
后里區公所,220679.6324,2688796.437
后里清潔隊,221041.5094,2689401.731
后里火車站(后里國小),222528.0617,2689307.834
后科南甲后108巷口,222396.3982,2689972.497
后厝仔,207399.0886,2677155.517
後壁寮,212419.108,2702721.85
後壁厝,219226.908,2684444.836
合作國小(豐原大道),219866.3348,2681567.112
合作國小,219994.654,2681589.038
馬場入口,221946.5523,2688067.326
紅竹巷,206531.0679,2680921.814
弘彰社區,215143.7363,2691894.498
弘文中學,220313.1383,2680144.668
紅瓦厝口,218480.0199,2682479.293
宏台別墅,211187.232,2675899.964
中油鴻陞加油站,218167.3277,2677897.403
宏巨社區,221150.313,2666209.925
洪厝庄,222763.6753,2670446.157
和欣朝馬轉運站,213171.6815,2673699.245
向上國中,215624.613,2670913.06
合作市場,218938.2977,2671703.035
合作農場,216284.1874,2659493.087
和興,227598.4794,2689750.532
和平清陽一路口,212889.5559,2681993.671
和平里(忠明南路),215498.2919,2668721.013
和平里(東山路),221760.1236,2674544.006
和平街,221554.0847,2682996.977
和平衛生所,238716.3158,2674285.31
和平區農會,238199.9364,2674377.984
和平國小,215528.9079,2668464.772
和平橋,222739.9104,2670614.432
和平,238017.5894,2674416.124
河排,235180.2621,2672230.713
橫圳,210434.566,2694403.328
橫山,212438.5201,2678334.038
橫坪,230074.3472,2681759.733
橫龍,236490.5058,2683717.774
橫流溪,240558.4544,2681686.517
河南向上路口,213198.0362,2671513.936
河南臺灣大道口,213584.9627,2673718.7
河南市政路口,213056.2972,2672856.28
河南市政南二路口,213072.9618,2672347.112
河南市政北七路口,213352.2067,2673373.199
河南市政北二路口,213201.0971,2673117.736
河南青海路口,213778.5898,2673953.107
河南福星路口,214377.2856,2674466.12
河南福上巷口,215432.1449,2674463.404
河南大業路口,213114.046,2672084.081
河南崇義街口,214146.0711,2674280.231
河南長安路口,215535.6382,2674181.882
河南停車場,214530.5021,2674545.81
河南公益路口,213139.1603,2671814.668
和睦路807巷口,213921.9566,2686586.04
和睦路212巷口,215418.9977,2685730.064
和睦兒童公園,215188.695,2685311.519
和合,236757.7335,2673794.273
和調里,204738.8604,2664491.826
和大公司,221689.4522,2665296.709
何厝國小,214975.4214,2673263.975
何厝(西屯路),215209.6211,2673338.785
何厝(臺灣大道),214847.715,2672837.117
何厝(興社街),231848.3557,2677239.267
河川巷,222764.52,2664662.79
臺中市政府衛生局,220927.3694,2682507.617
澔明公司,209793.8736,2684112.856
豪傑山莊,224267.2776,2680959.161
旱溪西太原路口,220062.6353,2673521.039
旱溪西南興二路口,220464.9956,2674684.855
旱溪東六順路口,219760.2429,2669059.493
旱溪東東英五街口,219627.7843,2670209.624
旱溪東振興路口,219513.2177,2669595.499
旱溪東東門路口,219694.7338,2669241.078
旱溪,219813.3881,2669604.362
漢口永興街口,217805.3219,2673560.303
漢口西屯路口,215378.5051,2673214.7
漢口興安路口,218452.8456,2673539.802
漢口臺灣大道口,215080.931,2672781.282
漢口山西路口,217059.6988,2673561.014
漢口熱河路口,218206.8576,2673545.777
漢口漢陽街口,216633.8081,2673545.283
漢口大信街口,215564.2212,2673326.33
漢口大飯店,216328.8727,2673545.78
工藝中心,218614.5123,2652833.385
漢口國中,215114.9841,2672939.204
海尾巷,201959.9798,2679297.303
海墘,208072.1924,2697093.094
海埔仔,200486.6168,2676516.238
海埔厝庄頭,201586.3017,2677542.79
海口村,205060.4448,2689522.169
海風里,211364.4822,2687472.513
海墘國小,208255.0411,2697040.496
海濱中華路口,206090.2178,2685197.177
海濱里,203737.3627,2686841.649
海濱民享路口,205716.2859,2685522.188
港灣技術中心,202427.0142,2684984.755
圳前活動中心,215327.8919,2684628.794
國中路,216569.6016,2664848.338
國姓里(三美路),206946.0177,2687800.707
國姓里(高美路),206572.419,2687094.129
國姓廟,207803.954,2688605.741
國仕加油站,208154.9273,2684340.553
國聖井,206544.1931,2665908.819
國聖國小,206069.409,2665348.541
國隆社區,229039.2294,2679628.933
國際藝術街口,208894.3101,2675756.233
國際遠東街口,209003.0723,2675950.843
國光中興路口,218061.5032,2665681.473
國光忠明南路口,217386.0036,2668161.928
國光東興路口,217362.9748,2667644.72
國光德芳路口,217557.2639,2666723.663
國光大里路口,217691.6932,2666245.249
國光花市,217599.0929,2666520.452
國光國小,217420.1508,2669003.555
國光橋,217388.7372,2667890.583
國安國小,210239.62,2676459.031
國安社區(宜寧中學),210033.6106,2676476.418
國安一福林路口,210829.103,2676193.001
古靈堂,234553.8532,2681731.992
龜山農場,224224.236,2676065.286
龜殼里,208051.8147,2695496.283
貴城山莊,224354.0847,2676522.638
谷關,250829.6151,2677503.788
股份園路口,231654.9057,2679726.978
觀園庄,218221.3813,2693987.407
觀音橋,240355.6698,2686625.378
光正國中,221315.9492,2665717.419
光政橋,223925.2651,2674618.317
光照寺,218233.3386,2675483.054
光興正光街口,222468.9166,2666804.261
廣興社區,222108.99,2663395.53
光田,210986.8704,2693575.226
廣三SOGO站,215248.8378,2672546.078
光日站,212044.7676,2667123.198
光隆,222515.0053,2667087.249
光華成功東街口,205825.0687,2681826.759
光華里,222830.0622,2672400.062
廣福中科路口,213878.997,2677536.397
廣福環中路口,213833.4438,2676681.646
廣福路261巷口,213775.3005,2677225.809
光復新村圓環,218918.9918,2659991.029
光德中南巷,221812.717,2666552.258
光德國中,213640.5572,2666789.816
光大里,217306.5831,2671867.094
光明國中(貴和街),216900.2938,2669813.345
光復國中小(柳豐路),218462.367,2659826.569
光復國小(三民路),217571.7648,2670972.842
格網中心,210434.6294,2677547.048
綠點公司,215047.8003,2681483.357
公園自由路口,217876.1119,2670858.517
公園五光路口,212078.5236,2666360.626
公園光日路口,211829.0167,2666427.41
公益中美街口,215441.397,2671776.809
公益永春東七路口,212709.8487,2671795.63
公益文心路口,214099.4066,2671773.45
公益臺灣大道口,216329.9112,2671764.897
公益精誠路口,215008.1382,2671775.469
公益東興路口,214693.7654,2671768.308
公益大墩路口,214414.0526,2671779.969
公益公園(忠明南路),215165.3568,2671723.768
公益公園(公益路),215220.2076,2671779.379
工業區28與42路口,207829.646,2674273.828
工業區28與37路口,208351.723,2674210.378
工業區28與33路口,208818.1532,2673876.762
工業區28與32路口,209020.9572,2673732.198
工業區1與8路口,209871.7011,2674122.388
工業區1與7路口,209947.8283,2673939.211
工業區1與12路口,209138.3204,2674440.011
工業區十七路口,221130.7207,2666826.843
工業區十六路口,208717.2077,2674980.334
工業區十四路口,208810.6326,2674553.112
工學一街口,215945.267,2667672.9
公明里,210219.1923,2682388.865
公明國中,209481.5315,2682748.485
公老坪頂,226493.4098,2683889.216
公教街209巷口,220611.0644,2667036.336
公館仔,215932.1148,2689614.48
公館(三民路),216419.7428,2669780.948
公館公園(自由路),216456.0249,2669680.486
公館國小,208891.3064,2683971.136
廣福宮,222498.6894,2682080.078
公安主和路口,220480.484,2688892.875
公館(安眉路),222547.7409,2691828.285
吉峰國小,221367.6604,2663874.217
巨業大甲停車場,212393.2924,2693904.554
瓦斯中心,234335.9459,2683037.987
高園子,201885.5224,2679056.333
高圓子,201841.2614,2678884.261
高鐵學田路口,210189.6041,2667671.697
高鐵橋下公園,217062.6649,2691737.713
高南路口,205735.7392,2687682.615
麗園站,222551.2315,2672327.441
高美路350巷口,206219.5298,2687350.063
高美濕地遊客中心,203964.5881,2688284.134
高美濕地體驗館,203968.0948,2688986.641
高美濕地,204466.0036,2689628.182
高美植物園,206386.8758,2689471.494
高美,205378.2504,2689397.78
高簡,233821.5472,2682161.084
高工文心南路口,215315.1828,2667616.828
高工一街口,215971.9119,2667677.746
甘蔗里活動中心,219601.0926,2678684.695
甘宅,221804.5032,2681472.307
港尾橋,214815.5331,2677593.105
岡尾,226842.4392,2685780.173
港尾,214985.5644,2677256.073
港埠中清路口,204182.6213,2686026.796
港埠五權路口,204246.1964,2686315.771
港埠臨海路口,204510.4282,2687474.188
港埠海濱路口,204322.0045,2686652.663
干城站,218093.5061,2670666.246
育賢育仁路口,221902.9677,2672460.695
干城六村,210293.1684,2670224.397
干城三站,212551.7465,2671921.268
干城二站,212312.0383,2671968.047
干城一站,212488.6061,2672294.594
高美社區,205622.6402,2689261.779
福住里,209772.0387,2697148.054
福志,213957.7686,2678433.984
福元批發,208072.883,2687216.968
福雅中科路口,212316.7172,2677832.541
福雅西屯路口,211457.7369,2675921.267
富陽路235巷口,224126.2209,2683798.873
福嚴寺,223731.2072,2669556.454
福科福雅路口,211182.2299,2675593.747
福雅路321巷口,211762.3718,2676506.767
福雅路252巷口,211576.1246,2676217.499
復興圓通南路口,220215.0912,2677949.442
復興有恆街口,217059.371,2669630.126
復興新和街口,215778.6876,2668786.455
福星西安街口,213937.8143,2675175.818
福星同心路口,213499.7375,2675264.209
復興南平路口,215347.3287,2668199.225
復興環中路口,214216.5629,2667356.621
復興大新路口,220168.3541,2677461.125
復興大慶街口,214850.4002,2667740.71
福興里,236353.5944,2672584.382
福星停車場,213975.5562,2674569.498
福星公園,214344.6418,2674009.129
福星北西苑路口,213623.8617,2675807.794
復興社區,230146.9206,2681154.043
復興橋,226307.6389,2677027.406
福興橋,222837.0595,2667996.665
復興八街口,222552.1583,2659334.274
復興六街口,222239.5453,2659307.965
福興(鎮南路),206239.3516,2679669.654
福興(興安路),209141.5139,2693385.08
福新柳豐路口,217961.449,2660779.907
福田水資源廠,215417.5529,2667325.305
福田里,200874.6863,2676130.131
福天宮,221607.6443,2659378.866
福田社區,201158.696,2676971.989
福泰環中路口,214192.4702,2664586.011
福泰社區,213812.8968,2664515.001
福山,205879.6313,2668680.978
福仁,220526.9679,2677766.715
福隆新村,217450.6921,2682637.893
福利社,225851.2547,2667789.786
福連公司,214776.5604,2683698.324
福樂新城,212089.6943,2681917.853
福科玉門路口,210309.065,2675799.834
福科永福路口,211490.8555,2675433.424
福科福裕路口,212068.2071,2675154.216
福科福林路口,210792.1442,2675758.954
福科安和路口,211866.6019,2675256.869
福科環中路口,213072.9412,2674921.648
福慧寺,225233.4668,2677176.723
福華公司,217122.4974,2682858.162
富貴新村,213670.4445,2679400.589
佛恩寺,226561.1778,2666607.013
福德宮,219128.9458,2661709.333
福德祠,215137.2526,2685950.776
福德港,212802.6395,2702678.373
復盛橋,230146.9206,2681154.043
福成橋,231398.9682,2685842.779
福安里(西屯路),211566.6398,2675730.81
福安里(臺灣大道),211884.7937,2674842.164
福安,211734.1258,2674921.092
福安福順路口,211657.1289,2675213.875
福陽國小,223101.6957,2681814.113
復興電台,209296.2462,2670447.423
果菜市場,230478.8981,2683506.051
車站前(仁化路),221234.7188,2665516.461
車站前,221234.7188,2665516.461
分局前,206881.4504,2684901.357
羅厝前,212141.446,2701908.541
李厝前,211064.4074,2700539.959
清新溫泉飯店,208208.6928,2670312.318
叉路口(中山路),222841.2041,2671715.541
叉路口(水源路),225422.66,2684272.243
豐東南陽路口,222438.4647,2682233.808
豐樂雕塑公園,213816.9699,2669605.322
福科國中,210810.3873,2676111.207
國際花市,215123.544,2679498.944
第一廣場,217841.2746,2670449.778
第一銀行(沙鹿分行),205316.092,2681598.462
草屯(第一銀行),217821.6842,2652436.831
份仔,202357.2074,2673505.652
份頭,203505.5138,2680167.109
峰谷里活動中心,221444.0267,2659397.466
峰谷里六鄰,221798.5183,2659049.232
豐洲大洲路口,219529.7319,2684280.156
豐洲汙水廠,219293.0493,2685929.2
豐洲國小,219920.401,2684072.324
豐洲,217808.3813,2684889.672
豐中大順街口,221730.1193,2683586.491
豐正中投東路口,217897.6153,2658348.325
豐正路538巷口,216439.2165,2658981.392
豐原大道社皮路口,219866.2122,2681891.505
豐原(北),221724.7273,2683159.149
豐原高商,221089.9653,2682467.192
豐原電信局,221034.1717,2682743.633
豐原火車站,221819.7813,2683297.087
豐原老人會館,222180.5754,2682980.56
豐原郵局,221086.2608,2682891.048
豐原監理站,222564.5298,2682518.196
豐原國中,221553.019,2683982.895
豐原醫院,222113.9456,2681991.564
豐原高中,223787.3043,2683368.449
豐原球場,225067.545,2684301.105
豐原果菜市場,220113.0414,2683074.702
豐原區公所,221422.6005,2681846.306
豐原勞保局,220225.0763,2683283.567
豐原大道中陽503巷口,223293.4476,2682553.201
豐原大道中陽路口,222851.8419,2682362.277
豐原(北陽停車場),223235.3483,2682840.973
豐原藝文館,221286.9062,2681805.771
豐原(南),221725.816,2683160.23
豐原鎮清宮,224042.8287,2683173.166
豐原,221759.3409,2683168.232
豐營,219108.0079,2657372.177
豐陽國中,224193.5283,2684015.159
豐田田心路口,221544.5523,2681628.018
楓樹下,234845.0312,2673004.765
奉順宮,216136.2203,2669617.783
楓樹腳(上楓國小),216208.1695,2681190.387
楓樹腳,216208.1695,2681190.387
豐勢國豐路口,224540.0923,2684704.849
豐年社區五站,221977.3865,2670413.205
豐年社區四站,221975.346,2670481.522
豐年社區三站,222007.6187,2670700.798
豐年社區二站,222057.189,2670946.567
豐年社區一站,222049.5131,2671074.499
豐南國中,221283.1728,2681491.872
豐樂崇德路口,218254.5465,2676471.612
豐樂昌平東六路口,218609.7253,2676387.98
豐樂公園,214054.343,2669501.722
風坑,217726.1756,2693213.303
逢甲橋,223300.4254,2674807.57
鳳凰路182巷口,221500.2407,2665956.491
豐興鋼鐵,220777.8203,2689451.559
峰谷里公園,221620.74,2659161.108
峰谷里三鄰,220505.076,2659275.885
峰谷里一鄰,219468.5136,2659416.275
峰谷里11鄰,223177.7931,2658977.639
峰谷國小,222032.7087,2658967.593
峰谷社區,220169.433,2659670.738
豐工三豐799巷口,220699.5931,2684786.346
豐工東洲247巷口,220348.2483,2685315.609
豐工南豐工路口,220081.8511,2685709.084
豐工中豐工南路口,220295.1441,2685844.887
豐工中豐工一路口,219951.2489,2685851.739
豐富公園,215018.4398,2669432.872
豐東向陽路口,222717.3441,2682722.017
豐東北陽二街口,222964.5869,2683030.763
楓愛林社區,220277.3938,2671552.508
豐東國中(同安街),222467.2299,2682352.146
豐村國小,223167.5994,2683367.063
逢甲大學(福星路),213937.9227,2674938.255
逢甲大學(逢甲路),213845.2444,2674859.59
農會事業場,221754.8979,2685165.437
番仔田,213864.55,2693468.765
番子寮,210735.0958,2691850.81
番石榴園(606巷),222913.9955,2662686.846
番社,215063.128,2698061.059
枋寮,221902.6734,2686929.651
房裡,214292.9482,2703221.638
家扶中心,205580.0972,2682402.338
百容電子,209506.606,2672999.842
歐洲村社區,218475.4336,2679686.133
玉山銀行大雅分行,214245.0661,2680020.671
二苗圃口,231312.5294,2677492.474
二媽廟前,216942.415,2660834.943
二林,216937.1957,2660908.826
二崁,215316.0985,2691294.895
環保公園,217295.0294,2666567.661
恩光堂,217369.7266,2669177.216
亞哥花園,225293.243,2674456.578
裕國冷凍,210728.7538,2674180.023
東糠榔,204160.7045,2684369.426
篤行國小,216769.8355,2672314.296
敦化后庄七街口,216255.2743,2675843.496
敦化公園,216154.3063,2675791.197
都會園西屯路口,208809.4483,2676412.134
榮總宿舍,210452.2325,2676098.355
東平里,221696.1623,2669914.964
東員寶,216874.6233,2678161.957
東園里,213790.3372,2664311.49
東英自由路口,220137.1044,2670803.832
東英十甲路口,220142.0038,2671201.527
東英樂業路口,220032.0899,2670306.782
東英旱溪街口,220117.103,2670522.788
東英二街長福路口,219903.7507,2670015.664
東億新村,221702.1912,2687746.298
東陽太坑巷口,224862.3503,2680526.716
東陽泉洲巷口,224364.31,2680871.602
東陽里,225046.8301,2680148.506
東陽橋,223273.9449,2681177.075
東興樹義一巷口,215188.6434,2668166.129
東興南屯路口,214741.2172,2670152.883
東興公益路口,214736.8282,2671856.249
東興復興北路口,215001.964,2668394.289
東興德祥街口,214917.8763,2668479.368
東興大墩五街口,214740.5882,2670842.865
東興大墩二街口,214736.5381,2670438.633
東興大墩十二街口,214734.0381,2671616.11
東興路二段,214790.3415,2670577.715
東興停車場,214892.6934,2672422.357
東興,231857.8948,2677946.952
東西四南北五路口,210975.7945,2697196.167
東西四路200巷口,210351.1077,2697339.347
東西三南北八路口,209308.7135,2697908.392
東西三南北七路口,209981.5305,2697758.826
東西三南北六路口,210494.1738,2697640.421
東泰新城,213121.399,2693084.267
東勢園,213770.7645,2664139.332
東勢尾,208552.3272,2692643.08
東勢林場,237017.5456,2686220.15
東勢游泳池,232186.6455,2683960.871
東勢老人會館,232429.802,2683943.623
東勢南站,232801.4681,2682718.311
東勢,232533.489,2683629.737
東山建和路口,222010.625,2674557.909
東山旱溪西路口,220005.5034,2673831.356
東山廟前,212784.1186,2685267.478
東山高中(太原路),220811.9829,2673255.783
東山高中(景賢六路),220719.8011,2673424.42
東山大寶寺,213513.3999,2685072.426
東山,212610.786,2685335.273
東平中平路口,221647.5007,2669865.013
東平中興東路口,222175.0641,2669898.526
東平國小(中興東路),221824.1836,2669626.881
東平國小(東平路),221819.4793,2669869.102
東平社區,222153.0945,2668902.481
東門東福路口,219460.6604,2669140.595
東門橋,219325.1355,2669794.515
東里國中路口,217405.9042,2665661.248
東蘭西門巷口,232060.5532,2684773.947
東蘭光明路口,231809.1124,2685285.719
東蘭大明路口,231016.3501,2686159.705
東坑豐勢路口,232911.5799,2682505.259
遊園北路寶莊,208636.4105,2676228.677
東海別墅,208700.507,2675316.885
東海街口,208130.0637,2675606.623
東海商圈,208344.6485,2675124.772
東海停車場,207806.9237,2675415.976
東海駕訓班,207121.834,2673561.923
遊園北路都會皇家,208368.3601,2676282.068
東關湖楓路口,234041.9878,2673649.211
東關和榮路口,237059.1237,2673928.225
東光園東門路口,218946.5613,2669159.239
東光十甲路口,219262.0636,2671039.674
東光力行路口,219358.3312,2671773.374
東光精武路口,219292.8529,2671259.078
東光旱溪街口,219183.2922,2670645.94
東光路(三和里),219543.2271,2673487.402
東光國小,219804.1201,2673848.633
東光三街口,219395.8965,2672073.428
東關福山路口,233381.7581,2680703.555
冬瓜山,222952.4479,2668433.022
東芳國小站,200948.1393,2661988.059
東大庄,203951.1962,2682389.818
東成三街,219728.4644,2672675.387
東成一街口,219626.3981,2672465.178
東汴社區,229128.2477,2668170.019
東寶社區(大德一路),217082.1339,2677673.944
東寶社區(昌平路),216929.1403,2677595.076
頂竹圍,216744.3873,2692886.313
頂中嵙,235313.0305,2683669.883
頂圳前,215150.6351,2684607.566
頂西勢寮,208983.7381,2682649.91
頂新社,230470.3975,2681906.481
頂溪底,205735.1081,2688453.47
頂下城,223081.9458,2691059.057
頂五甲,208729.9663,2698083.501
頂吳厝里,210523.6765,2685662.349
頂塗城,220749.668,2664578.509
頂頭張(中清路),214620.3594,2678068.975
頂頭張(昌平路),218565.4405,2674830.691
丁台霧工五路口,217132.7199,2661905.122
頂太平,216801.9421,2689399.429
丁台路296巷口,216985.1502,2661328.124
丁台,216973.3536,2660456.602
頂社南,217645.5629,2681838.81
頂上,229809.7939,2687588.194
頂三和,216564.2015,2680145.48
頂三叉,222432.6536,2669972.339
頂橋頭,206847.9769,2686376.483
頂埔鹽林,227977.2236,2667608.7
頂埔,226682.8641,2686592.359
頂牛埔,217397.2871,2682067.862
頂湳子,208192.5523,2687485.967
頂湳仔,213881.9468,2674357.161
頂麻園,215424.1755,2671309.851
頂六路,207418.257,2678824.467
頂林厝,212300.8078,2677629.168
頂寮里,202512.845,2683942.342
頂賴厝,216653.3493,2674122.031
頂口庄,217245.2881,2689444.357
頂舊庄,212964.328,2687166.206
頂街,221693.506,2682998.027
頂街(沙田路),203655.23,2672603.487
頂花眉,217213.7808,2681188.025
頂何厝(西屯路),215564.149,2673225.14
頂何厝(臺灣大道),215079.5954,2672696.69
頂何厝,215030.1051,2672691.587
頂海濱里,203867.0816,2686719.969
頂二分埔,218621.4996,2673976.896
頂東興,231860.7575,2677643.491
頂店,212807.0995,2694530.549
頂大安,210975.8053,2697529.43
頂大里,216841.7994,2666601.268
頂厝夏田路口,216562.4111,2664087.778
頂厝里,218135.7489,2673114.486
頂陳平,215939.6314,2675497.412
頂北柳,218113.3175,2662341.691
頂頭汴坑,224728.6749,2668570.636
頂車站,215382.9256,2685431.11
頂犁分,207072.1735,2681834.888
吊橋頭,223425.8137,2681091.179
德興里,230983.1176,2684093.456
得天宮,219621.0813,2676586.02
德豐大樓,203013.121,2686502.448
德芳中投路口,216660.9122,2666370.111
德芳南中興路口,218177.3254,2666420.915
德芳兒童公園,217816.5748,2666577.771
德昌社區,215344.1935,2665708.524
大庄橋,203080.0261,2682429.225
大庄(浩天宮),203203.749,2682685.766
大庄,221054.413,2664590.624
大智忠孝路口,218485.2302,2669717.347
大智益民路口,218277.4085,2668269.78
大智梧北路口,202276.7288,2684027.636
大智喬城路口,218518.4078,2668771.057
大智建成路口,218502.4018,2669577.024
大智公園,218512.0937,2668995.562
大智國小,218512.062,2669303.117
大漁池,213686.7706,2674726.699
大願寺,234994.6702,2683632.119
大元國小,218421.357,2666256.24
大勇國小,215168.9332,2669999.548
大業文心路口,214057.3814,2672085.912
大業惠中路口,213536.6068,2672101.634
大業惠文路口,213729.3344,2672098.004
大業大墩路口,214378.542,2672099.502
大楊國小,210443.7418,2687428.764
大雅分駐所,214129.1473,2679979.764
大雅國小,214648.6449,2679583.769
大雅區公所,214189.8997,2680456.622
大雅澄清醫院,213901.0333,2680208.383
大雅交流道,214539.628,2678257.605
大雅,214253.3444,2679827.535
大雪山森林遊樂區,252916.6198,2686311.179
大雪山後門,233455.0553,2682158.185
大興五街口,222900.6562,2671983.444
大興一街口,222884.0569,2671805.167
大興十九街口,223816.2057,2672500.042
大興十五街口,223330.349,2672435.602
大彎,236859.9922,2683928.629
大突寮(國中路),218004.633,2665623.719
大突寮(中興路),218172.8769,2665839.597
大通經二路口,200331.1225,2681867.101
大通經一路口,200554.269,2681788.793
大同診所,212255.0075,2694023.32
大同橋,236118.4987,2673255.974
打鐵庄,214127.2918,2699140.062
大臺中山莊,221893.3875,2659240.862
達聲,215416.7798,2680708.972
大山內東路口,222627.1106,2689143.838
大榮橋,214567.1661,2680278.802
大崎下,228444.1376,2677903.364
大慶樹德一巷口,214520.39,2667849.811
大慶活動中心,214898.9778,2668305.167
大慶火車站(大慶街),214332.1174,2668239.016
大慶火車站,214205.3113,2668260.044
大鵬新城,214473.5739,2674615.283
大排,231857.7912,2676911.987
道班前,221686.6528,2684902.536
淡溝里,216391.6735,2672244.672
單冬,228648.265,2677764.063
大南坑,238093.1608,2678752.374
大湳里活動中心,221256.2276,2683482.451
大湳里,221433.3024,2683476.998
大南國小,230206.0386,2680130.004
大南,229680.1882,2680451.486
大明益民路口,217745.0823,2667820.628
大明爽文路口,216941.2403,2667792.103
大明國光路口,217265.1884,2667783.881
大明國小(中清路),213723.2716,2680397.448
大明國小(中清路),213730.7288,2680402.376
大明國小(雅環路),213819.3523,2680318.679
大馬中山路口,215205.9365,2692591.098
大茅埔,233711.2368,2677626.074
大里國光路口,217774.0357,2666197.994
大里運動公園,217740.737,2666137.903
市立大里高中(大衛路口),217516.5909,2665661.7
市立大里高中,217354.7352,2665603.664
大里仁愛醫院(國光路),217456.4213,2667081.949
大里仁愛醫院(東榮路),217518.4549,2667181.04
大里公園,218288.89,2667262.258
大里圖書館(中興路),219084.5765,2664739.616
大里圖書館(青年高中),219031.0552,2664870.831
大里農會,217141.8395,2666220.589
大里國小,217168.308,2666103.687
大里區公所,217419.3326,2666061.08
大里,217164.2848,2665901.687
大坑口,219242.7302,2673848.914
大坑圓環,223516.5302,2674844.415
大坑國小,224353.0769,2676735.282
大坑橋,223533.7974,2674732.561
大嵙口,230623.7022,2676302.053
大進市場,214420.842,2670796.406
大甲東新城,213315.2648,2692949.084
大甲體育場,211176.1813,2693859.232
大甲高中(中山路),211586.4008,2692965.23
大甲溪橋,209739.0502,2689463.757
大甲火車站(蔣公路),212101.4917,2693230.951
大甲火車站(光明路),212026.3338,2693129.849
大甲火車站,212143.965,2693290.534
大甲郵局,212227.8402,2693540.393
大甲國中,211664.8342,2694191.266
大甲高中(順天路),211475.418,2692972.042
大甲高中(水源路),211735.2806,2692931.02
大甲東,213597.0812,2692801.936
大甲區公所,211682.3889,2693818.418
大甲,212025.7467,2693100.243
大華國中(學府路),214508.4831,2679028.776
大華國中,214405.5775,2678902.369
大華新村,220982.0097,2674300.075
大觀,217919.1289,2653027.371
達觀,241890.0314,2691303.896
大富環中路口,217342.5784,2677447.963
大富大豐一路口,217526.7012,2677999.686
大富大德一路口,217360.8502,2677663.135
大富路,217339.0408,2677588.183
大豐雅潭路口,218601.2311,2678876.67
大峰西湖路口,218372.9482,2663734.334
大豐潭富路口,218762.9632,2680005.349
大楓樹福德祠,222656.7035,2683606.821
大峰景庄街口,218297.6938,2664233.513
大峰長春路口,218250.3626,2664535.187
大豐路三段230巷口,218796.2962,2680383.494
大豐路二段110巷口,218708.1471,2679281.927
大豐一崇德路口,218048.2208,2678319.802
大豐一路89巷口,218321.9268,2678386.153
大墩向上南路口,214419.4013,2671167.427
大墩五權路口,214424.3525,2670452.368
大墩大業路口,214428.8386,2672166.012
大墩公益路口,214411.8285,2671865.918
大墩文化中心(英才路),216039.6306,2670784.885
大墩文化中心(五權路),216100.1195,2670647.41
大墩十九街口,214627.5479,2672659.837
大墩十八街口,214496.5662,2672429.431
大墩十二街口,214408.122,2671602.893
大肚火車站,203737.5045,2672060.53
大度山墓園寶塔,210730.9518,2680311.429
大肚火車站(華山路),203542.8064,2672158.074
大肚區公所,203798.1792,2671843.036
大肚,203827.4742,2671725.986
大東里活動中心,213703.7208,2692837.657
大德國中,216284.2811,2674880.627
大德一大富路口,217334.1539,2677715.891
大道院,244046.0339,2673925.576
大道公廟(中清路),217008.563,2672849.223
大道公廟(進化北路),217075.1251,2673144.774
大成經二路口,200155.7556,2681092.434
大成南路口,200369.029,2681091.686
大愛一村,222350.1635,2665170.378
大安溪,213641.5785,2695615.206
大安港南北九路口,208549.5305,2696901.625
大安國中,209672.6425,2695496.133
大安港,208002.058,2697046.786
大安區公所,208094.1791,2693365.449
大安區圖書館,208316.6385,2693343.192
大鵬國小,215924.7998,2674705.758
大里地政事務所,218021.9751,2667277.695
大道國中,203935.1824,2671281.519
僑忠國小,219921.3287,2677520.899
文化創意園區,217470.0666,2669808.488
文化新村,220636.2815,2681452.418
春社派出所,210556.2372,2670152.453
中科后里辦公室,221898.4696,2690124.325
好市多,214277.6057,2669687.555
新坪里活動中心,222226.5822,2672340.585
慈雲堂,204462.9228,2687270.24
慈興宮,221610.8698,2684426.12
市公所,203448.2065,2664038.239
市立殯儀館,218055.3243,2672369.311
市農會,215791.9743,2671313.207
丘逢甲紀念公園,224848.9499,2684076.555
慈龍寺,220755.4017,2682828.377
慈惠醫院,204037.2564,2664294.16
慈惠堂,224911.2174,2683919.509
慈航寺,218856.2129,2671437.08
慈光新村,230673.7708,2681130.555
教堂前,229097.5495,2679229.368
教會前,224197.7985,2690748.459
春社里(永春南路),210693.8923,2670450.141
春社里(永春路),210690.7551,2670466.062
春社里(忠勇路),210655.2338,2670484.434
春社公園,210360.0903,2670704.319
中友百貨,218006.4255,2671940.261
中山醫學大學(建國北路),214611.3575,2668541.122
中山醫學大學,214330.0566,2668552.779
中山國中,215479.2418,2673761.568
中山堂,217658.7217,2672243.951
忠明高中,215867.0546,2672562.116
忠明國小,215372.3577,2672484.31
中興堂,217934.868,2671257.052
中和國小,232426.1609,2672552.808
中正國小,216181.1659,2671979.664
中華國小,216083.7788,2673543.04
中興大學(興大路),217044.9316,2668805.62
中興大學(國光路),217396.768,2668499.508
忠孝國小,216876.8327,2670244.663
竹林里,206343.5615,2681246.368
竹林國小,206114.415,2681491.951
船頭埔,212082.7137,2702691.373
穿龍橋,239246.2573,2685766.858
穿龍,239930.2968,2686169.157
船板橋,217680.966,2658399.536
朝馬站,213152.7797,2673972.851
崇正寶宮,221403.5453,2669852.211
重慶國小,215825.1382,2674148.363
崇倫國中(忠明南路),215178.1786,2669623.894
崇倫國中(南屯路),215238.6018,2669881.428
崇光國小,217866.8461,2667646.829
崇德雅潭路口,218301.3417,2678865.628
崇德文心路口,218033.6241,2674049.198
崇德潭富路口,218544.2297,2680022.445
崇德瀋陽路口,218047.3215,2674221.274
崇德山西路口,218126.5857,2675540.035
崇德青島路口,218018.5367,2673665.811
崇德祿社區,218581.3595,2680278.089
崇德環中路口,218166.4711,2677424.827
崇德豐樂路口,218147.5852,2676387.016
崇德德化街口,218006.032,2672940.197
崇德大豐一路口,218179.4932,2678339.718
崇德北平路口,218031.0737,2673909.103
崇德國中(民俗公園),218055.5618,2674465.433
崇德橋,218006.151,2673264.144
崇德九路口,218118.9864,2675834.393
崇德六路口,218105.4576,2675089.213
崇德五路口,218102.1346,2674876.135
崇德一路口,218075.5788,2674633.206
崇德十路口,218134.3549,2676064.099
崇倫,215093.1091,2668870.152
池上,231060.7668,2672428.97
清水國中,205601.6729,2684749.15
靜和醫院,215419.2161,2669824.32
清海化學,215904.914,2666909.149
清泉國中,208659.6806,2688862.488
清泉崗靶場,210813.9744,2679728.489
中國醫東區分院,218955.1742,2670974.619
中國醫藥大學,217616.8201,2672394.299
家扶發展學園,215172.8433,2674585.753
致用高中,212400.7254,2692772.513
嘉陽高中,207583.5214,2684522.007
僑榮國小,219792.7332,2662863.327
僑泰中學(美村南路),216135.1667,2667720.181
僑泰中學(高工路),216247.0187,2667734.313
陳平,216025.2609,2675332.925
陳家莊,214318.2573,2698890.71
城隍廟,206898.0447,2687481.438
成功圓環西路口,220456.4038,2683291.167
成功社興路口,220242.7104,2682455.273
成功嶺3號門,210103.4967,2669081.97
成功嶺,209496.731,2667311.547
成功甲后路口,221392.0108,2689406.741
成功里,202318.6192,2674270.643
成功路105巷口,221730.0494,2689635.631
成功社區,219210.0357,2665066.389
成功新村,233683.6811,2677867.542
成功二吉祥街口,219878.0157,2665449.931
成功,219788.8209,2664907.001
成都中平路口,214787.5325,2685655.573
成都土地公廟,214615.1768,2685494.612
成都家園,214806.3523,2685144.131
承德三社東路口,219405.2191,2681091.887
十全藥局,220511.5249,2664618.094
澄清/弘光醫院(太原路),221745.5534,2673025.197
中港澄清醫院(工業區一路),210901.2848,2675295.769
中港澄清醫院,210922.2606,2675342.166
澄清醫院,211107.9008,2675237.328
陳厝,229268.2319,2678773.709
車路口,203810.2499,2664307.629
車籠埔,222663.8286,2667510.028
車程,223092.5488,2681275.434
朝陽科技大學,221081.4967,2662801.963
朝興宮,207422.1923,2686110.816
朝聖宮(部子坑),223326.5393,2672896.775
朝馬黎明路口,212936.5048,2673836.413
朝馬環中路口,212609.5869,2673937.721
朝馬轉運站(朝富路),213223.2803,2673613.094
朝馬,213140.8903,2673933.233
朝馬2(臺灣大道),212930.9084,2674106.219
朝馬(臺灣大道),213133.4502,2673963.709
朝馬(黎明路),213113.8,2674105.079
長億公園(永成北路),221010.7039,2668097.612
長億高中,221648.078,2667672.428
長億六永成北路口,221190.3362,2668156.167
長億六太平一街口,221483.5639,2667835.62
長億二街口,221569.5258,2668205.078
昌興新村,212057.337,2667911.714
長興橋,228773.4989,2668105.533
長順街口,204266.1232,2664416.914
昌平雅潭路口,216250.3615,2679007.546
昌平文心路口,218576.7239,2674143.787
昌平北屯路口,218930.2798,2673461.964
長明公司,204361.4947,2688067.539
長龍吊橋,225459.3648,2668072.092
昌龍橋,226968.3939,2676940.129
彰化站,203323.8511,2664194.03
彰化交流道站,201324.1563,2662210.492
彰化女中,203694.2557,2664063.576
彰化火車站,203222.1518,2664281.303
長庚橋,227860.2697,2686728.243
長安路417巷,222195.9256,2671889.226
長安路398巷,222256.4092,2672054.791
長安路233巷,222435.6654,2672262.321
長安國小,214670.0122,2673853.486
彰化銀行(自由路),217673.7814,2670538.869
彰化銀行(臺灣大道),217735.5267,2670562.762
蟾蜍石,242168.1891,2690012.703
茶寮,223113.6249,2669168.209
中科管理局(科雅西路),211075.1086,2678367.001
中科站,210196.5341,2676900.918
中央市場,217016.4232,2671637.218
中麗陽,249029.482,2675878.541
中區公所(興中街),217453.2556,2671049.047
中茶寮,223066.9337,2668987.11
天主教堂,228673.2858,2677940.858
國都飯店,202775.0115,2683830.423
草嶺橋,226224.4949,2666860.301
草湖林森路口,219109.1523,2662893.03
草湖,219220.7023,2664288.987
後營門口,202827.9991,2686000.548
草悟道(市民廣場),215907.5016,2671770.148
蔡厝(三美路),206929.113,2688948.73
蔡厝,205665.9311,2688728.359
中臺科技大學校區,223124.5053,2674341.964
中臺科技大學,223206.3594,2674493.398
?子中路,218870.2537,2693709.226
?子太原路口,222893.4263,2672989.073
部子水資源回收中心,222535.0698,2672851.655
?子路5鄰,218027.625,2693544.861
?子景賢路口,222901.5349,2673564.851
?子巷口,222904.5896,2673301.591
水牛城,216717.1446,2662014.176
植物園(健行路),216222.7309,2672707.866
植物園(西屯路),216144.3887,2672594.679
伯公下,234362.8534,2681932.883
伯公前,230749.7333,2671842.966
伯公崎,231404.1016,2680550.406
伯公廟,231914.8427,2676002.985
博愛,247221.1307,2674341.573
汴子頭尾,202523.9854,2672053.009
汴子頭,202377.4199,2672258.614
蝙蝠洞,227678.2021,2667115.665
北庄,216321.3536,2683560.776
北陽豐東路口,222939.4781,2682894.058
北溪心壩,213721.6031,2663679.289
北新國中(興安路),219015.7228,2674961.939
北新國中,219553.8954,2674815.471
北線,208439.6281,2697473.226
北屯文心路口,219305.9484,2673951.037
北屯崇德二路口,219449.6494,2674530.842
北屯市場,218485.643,2673116.66
北屯國小(進化北路),218697.2508,2673091.606
北屯國小(北屯路),218828.7698,2673119.042
北屯區行政大樓,218117.4316,2675218.433
北屯,218950.5367,2673352.83
北勢頭,206200.0828,2679945.22
北勢里,216045.0591,2659204.371
北勢國中,206265.6071,2680015.457
北勢社區,216405.7734,2659640.209
北埔,226264.5364,2684065.029
北螺潭,213647.024,2662342.722
北路,218658.7221,2693319.517
北柳,217428.751,2662261.28
北坑口,224883.6642,2683555.294
北環福德祠,221667.4797,2683794.498
北頂街,203618.1482,2672793.439
貝多芬幼兒園,216813.1743,2683847.461
八張犁,213719.8486,2677072.227
八仙山森林遊樂區,250838.0864,2676825.666
寶山里土地公,210946.0798,2671769.572
寶山里,211093.5489,2672516.964
寶泉犬舍,223566.6241,2681282.737
保寧向上路口,205734.3764,2677985.332
寶覺寺,218486.9513,2672560.502
保安公園,210492.0721,2671349.414
保安橋,210602.5262,2671832.022
保安橋(武廟育化堂),226499.539,2674819.271
保安寺,220490.512,2677528.01
半張,224081.7106,2684333.333
板橋中投東路口,217898.7333,2658846.694
板橋福德祠,218027.4351,2658997.025
半平厝,215642.9171,2669375.607
綠竹市場,228247.3979,2677783.499
白陽山,207779.1251,2670533.871
百姓公廟,220477.9853,2665509.146
百姓公,202230.2552,2679927.91
擺頭店,230268.2755,2681296.743
白鹿橋頭,240805.1102,2674453.918
白冷,242382.046,2675309.856
八分,231953.0603,2685113.758
八德橋,218899.4202,2660625.666
靶場,221481.4627,2664597.96
特力屋北屯店,219350.2862,2674297.925
特力屋臺中店,214863.8994,2667905.525
中科友達,211162.5582,2677465.296
辰皓電子,210223.7492,2672358.594
集會所,215524.0406,2683260.34
亞大醫院,218109.5608,2660977.042
亞洲大學安藤館,218223.4143,2660221.588
營區前,229120.9582,2678019.158
營區口,210568.8992,2678068.67
國軍臺中總醫院,222557.6078,2671681.752
鰲峰山公園,207530.3707,2684878.13
安田,209467.0768,2698795.419
暗山,230176.4728,2688619.552
安仁里,202127.6543,2683190.976
安眉月眉北路口,219846.363,2690779.242
安眉月湖路口,220405.9211,2691203.007
安眉興安路口,223839.5119,2691512.386
安眉公益巷口,219519.926,2690567.007
安眉福美路口,223216.4474,2691648.895
安林西屯路口,211973.9236,2675762.386
安林福雅路口,211872.3423,2676449.323
安良港,202086.4145,2679651.289
岸裡國小,219342.1157,2682600.669
岸裡國小,219332.7701,2682599.138
暗坑,222795.0075,2662947.222
動物之家南屯園區,206867.7344,2671427.937
安和協和北巷口(賴祖厝),211486.9451,2674102.748
安和臺灣大道口,211836.701,2674829.335
安和福玄路口,211695.5102,2674654.726
安和朝馬路口,211645.8996,2674418.515
安和國中,210810.2002,2674496.106
安定,220279.9089,2693034.361
安壁口,242587.3498,2692137.807
遊樂大樓,221473.0214,2671554.86
亞姆拉公司,222810.3287,2670182.039
矮山坪,231953.9332,2675825.181
漢翔複材中心,209220.8657,2683028.75
漢翔公司(星享道),213905.8524,2675432.401
活動中心,228909.0295,2679293.329
原民館,205269.7287,2664689.173
臺中市後備指揮部,214272.4487,2673665.315
921地震教育園區,219398.984,2659530.717
九公里,238230.1632,2678851.713
八二三紀念公園,218196.6195,2675795.456
八公里,237754.8767,2679286.258
七公里,237626.6632,2679829.933
第六分局(惠來路),213366.6666,2672738.155
第六分局(市政路),213237.3701,2672695.664
第六分局(惠來路),213365.995,2672737.787
第四分局,213765.1111,2669996.073
三鄰路口,212823.8758,2700651.38
第三分局,216867.9283,2669545.107
二期標準廠房,212253.3271,2679931.25
第二市場(臺灣大道),217487.0318,2670784.09
第二市場(三民路),217478.9052,2670861.45
第一橫三民街口,232795.0756,2682897.792
十五公里,240543.7207,2681521.287
十四公里,239871.4301,2680795.005
十三公里,239427.0507,2680029.378
十二公里,239249.1057,2679485.837
十一公里,238562.9967,2679459.461
十公里,238728.5113,2679152.771
中華田尾巷口,205030.8823,2683223.429
新建國市場(1號門),219031.6377,2669996.716
新建國市場,218911.9414,2669778.466
大甲高工,213408.6725,2693438.708
八方國際商城,219869.8564,2682268.055
大林國小,236167.6053,2672626.409
月祥路361巷口,211816.6763,2680928.433
水美后寮路口,213660.9951,2691862.505
牛城福德祠,222811.3179,2658877.57
四塊厝(甲后路),216991.6963,2690160.969
永福福科路口,211505.1992,2675552.666
甲寅(民生路),219623.7766,2662493.776
西屯英才路口,216349.4076,2672304.098
崎頂(協興街),231506.0318,2677483.693
崎頂(南華街),230704.5396,2674335.569
福德祠(?子路),219235.2955,2693553.371
豐原東站,221986.929,2683235.782
